age,Sex,Family,nameofcancer,agecancer,whoaffected,dept,post,dgraduation,selfcanh,nameselfcan,durationscan,awarnesscans,namecancers,usefullnesscansc,breastcansc,agebrcans,brcansi,attbrcans,brcaprac,doBSE,bseinterval,mamography,inmamo,brcanscfam,famlibrcansc,brcanspa,brcanscptin,cercans,agecer,intercer,atticer,viapap,viado,intervia,cerfami,interfamcer,cerviscpt,intercerpt,coloncan,agecolocans,intecolocas,atticolcans,docolonoscopy,intercolonos,colofamily,intercolonfamil,coloncanpt,intercolonspt,proscans,ageproscs,interproscs,attiproscs,psadre,interpsadre,familyproscs,iprosf,proscansp,interprospt
36,2,1,prostate,50,sister,4,8,10,1,prostate,6,1,prostate,1,2, , ,1,1,1, ,1, ,1, ,1, ,2, , ,1,1,2, ,2, ,1, ,2, , ,1,2, ,1, ,1, ,1,40, ,1,1,1,1,1,1,1
46,1,1,prostate,50, , ,3, ,1,prostate,6,1,prostate,1,2, , ,1,1,1, ,1, ,1, ,1, ,1, , ,2,1,2, ,2, ,1, ,2, , ,1,2, ,1, ,1, ,1,40, ,1,1,1,1,1,1,1
34,1,2, , , ,13,8,5,2, , ,1, ,1,1,25,3,1,1,2, ,2, ,2, ,1, ,1,40,3,1,1,2, ,2, ,1, ,1,40,4,1,2, ,2, ,1, ,1, , ,1,2, ,2, ,1, 
40,1,2, , , , , , ,2, ,1,1, ,1, , , ,1,1,2, ,2, ,1, , , , , , , , , , , , , , , , , , , , , , , , , , , ,1,2, ,2, ,1, 
25,2,2, , , ,3,8,2,1,Ovariaya,1,1, ,1,1,25,3,1,1,1, ,2, ,1, ,1, ,1,21,3,1,1,2, ,1, ,1, ,1,45,1,1,2, ,1, ,1, ,1,40,1,1,1,1,1, ,1, 
45,1,1,cervix,60,mother,10,7,21,1,Breast,2,2, ,2,2, , , ,2, , ,2, , , ,1, ,1,40,2,1,1,1, ,1,2,1, ,2, , ,1,2, ,2, , , ,2, , ,1,1, , , , , 
44,1,2, , , ,1,4,12,1, , ,1, ,1,1,25,2,1,1,2, ,2, ,1, ,1, ,1,25,4,1,1,2, ,2, ,1, ,1,35,2,1,2, ,2, ,1,2,1,46,3,1, , , , , , 
33,2,2, , , , ,8,7,1,long,50,1,none,1,1,25,3,1,1,2, ,2, ,1,2,1,2,2, , ,1,1,2, ,2, ,2, ,2, , ,1,1,2,2, ,2, ,1,45,3,1,2, ,2, ,2, 
40,1,2, , , ,5,6,12, , , ,2, ,2,1,21,1,1,1,2, ,2, , , ,1,1, , , , , , , , , , , , , , , , , , , , , , , , , , , , , , , 
42,2,2, , , , ,6, ,2, , ,2, ,1,1,23,4,1,2,2, ,2, ,1,3,1,3,1,24,5,1,1,2, ,1,3,1,3,1,40,5,1,2, ,2, ,2, ,1,45,4,2,2, ,2, ,2, 
53, ,2, , , ,12,2, ,2, , ,1, ,1,1,25,3,1,1,2, ,2, ,1,3,1,3,1,25,3,1,1,2, ,1,3,1,3,1,50,5,1,2, ,2, ,2, ,1,45,3,1,2, ,1,2,1,2
41, ,2, , , ,15,4,12,2, , ,2, ,1,1,21,3,1,2,2, ,2, ,1,3,1,3,1,30,5,1,2,2, ,1,3,1,3,1,45,5,1,1,3,1,3,1,3,1,45,4,1,2, ,1,3,1,3
42, ,2, , , ,15,8,14,2, , ,1,breast,1,1,20,2,1,1,2, ,2, ,1,3,1,3,1,30,3,1,1,2, ,1,3,1,3,1,39,4,1,2, ,1,5,1,5,1,30,4,1,2, ,1,3,1,3
58,1,2, , , ,15,8,29,2, , ,1, ,1,1,25,3,1,1,2, , , ,1, ,1, ,1,21,3,1,2,2, ,2, ,2, ,1,45,4,2,2, ,2, ,2, ,1,50,2,1,2, ,2, ,2, 
44, ,2, , , ,9,4, ,2, , ,1,"colon,pr",1,1,25,3,1,1,2, ,2, ,1,2,1,2,1,21,3,1,1,2, ,1,3,1,3,1,40,3,1,2, ,1,3,1,3,1,50,2,1,2, ,1,2,1,2
46, ,2, , , ,3,3,18,1,breast,10,1,"colon,br",1,1,25,3,1,1,2, ,2, ,1,3,1,3,1,21,3,1,1,2, ,2, ,2, ,1,40,3,1,2, ,2, ,2, ,1,50,3,2,2, ,2, ,2, 
41, ,2, , , , ,6,14,2, , ,1,breast,1,1,25,3,1,1,2, ,2, ,1,3,1,3,1,21,2,1,1,2, ,1,2,1,2,1,40,2,1,1,3,1,2,1,2,1,50,2,1,2, ,1,2,1,2
33,1,2, , , , ,8,6,2, , ,1, ,1,1,21,3,1,1,2, ,2, ,1,3,1,3,1,21,2,1,1,2, ,1,2,1,2,1,30,2,1,2, ,2, ,2, ,1,50,3,1,2, ,2, ,2, 
54,1,2, , , , ,1,26,2, , ,1,"brst,col",1,1,26,3,1,2,2, ,2, ,1,3,1,3,1,21,2,2,1,2, ,1,2,1,2,1,40,2,1,2, ,1,2,1,2,1,50,1,1,2, ,1,2,1,2
32,1, , , , ,12, ,8,2, , ,1,breast,1,1,25,3,1,1,2, ,2, ,1,3,1,3,1,23,2,1,1,2, ,1,2,1,2,1,45,3,1,2, ,1,3,1,3,1,45,3,2,2, ,2, ,2, 
52,1,2, , , ,19,1,25,2, , ,1,"brst,col",1,1,23,3,1,2,2, ,2, ,1,3,1,3,1,25,2,1,1,2, ,1,1,1,1,1,40,3,1,2, ,1,3,1,3,1,50,2,1,2, ,2, ,2, 
39,1, , , , ,1,6,13,2, , ,1, ,1,1,30,3,1,1,2, ,2, , , ,1, ,1,35,3,1,1,2, ,2, ,1,3,1,40,4,1,2, ,2, ,1,3,1, , ,1, , , , , , 
36,1,2, , , ,1,6, ,2, , ,1,cervical,1,1,19,1,1,2,2, ,2, ,1, ,1, ,1,1,1,1,2,2, ,2, ,1,2,1,51,4,1,2, ,2, ,1,2,1,41,2,1,2, ,2, ,1,3
49,1,2, , , ,7,3,22,2, , ,2, ,1,2, , ,1,1,2, ,2, ,1,2,1,1, , , ,1,1,1,1,2, ,1,1,2, , ,1,2, ,2, ,1, ,1,40,3,1,2, ,2, ,1, 
50,1,2, , , ,4,2,22,2, , ,2, ,2,1, , ,2,1,2, ,2, ,1, ,1,2,1, , ,1,1,1,1,2, ,1,1,2, , ,1,2, ,2, ,1, ,1,40,3,1,2, ,2, ,1, 
41,2,2, , , , ,4,12,2, , ,1, ,1,1,25, ,1,2,2, ,1, ,1, ,1, ,2, , ,1,1,1, ,1, ,1, ,2, , ,1,2, ,1, ,2, ,2, , ,1,2, ,2, ,1, 
36,2,2, , , , ,8,8,2, , ,1, ,1,1,25, ,1,2,2, ,1, ,1, ,1, ,2, , ,1,1,1, ,1, ,1, ,2, , ,1,2, ,1, ,2, ,2, , ,1,2, ,2, ,1, 
33,2,2, , , , ,8,8,2, , ,2, ,1,2, , ,1,1,2, ,2, ,1,2,1,1,1, , ,1,1,1,1,2, ,1,1,2, , ,1,2, ,2, ,1,1,1,40,3,1,2, ,2, ,1, 
40,1,2, , , , ,4,12,2, , ,2, ,1,2, , ,1,1,2, , , ,2, ,1,2,1, , ,1,1,1,1,2, ,1,1,2, , ,1,2, ,2, ,1,1,1,40,3,1,2, ,2, ,1, 
37,2,1,prostate,50,sister,3,8,6,1,prostate, ,1,prostet,1,1, , ,2,1,1, ,1, ,1, ,1, ,2, , ,1,1,2, ,2, ,2, ,2, , ,1,2, ,1, ,1, ,1,40,1,1,1,1,1,1,1,1
56,1,2, , , ,5,1, , , , ,1, ,1,1,25,2,1,1,2, ,2, ,1, ,1, ,1,25,4,1,1,2, ,2, , , ,1,35,2,1,2, ,2, ,1,2,1,46,3,1,2, ,2, ,2, 
36,1,2, , , ,7,8,10,2, , ,1, ,1,1,25,2,1,1,2, ,2, ,1, ,1, ,1,25,4,1,1,2, ,2, , , ,1,35,2,1,2, ,2, ,1,2,1,45,3,1,2, ,2, ,2, 
33,1,2, , , ,1,8,6,2, , ,1, ,1,1,25,3,1,1,2, ,2, , , ,1, ,1,40,3,1,1,2, ,2, ,1, ,1,40,4,1,2, ,2, ,1, ,1, , ,1, , , , , , 
36,2,2, , , , ,5,10,2, , ,1, ,1,1,25,2,1,1,2, ,2, ,1, ,1, ,1,30,3,1,1,2, ,2, ,1,2,1,40,3,1,2, ,2, ,1,2,1,41,2,1, , , , , , 
48,2,2, , , ,4,3,19, , , ,1, ,1,1,25,3,1,1,2, ,2, ,1, ,1,1,1,25,3,1,1,2, ,2, , , ,1,25,3,1,2, ,2, , , ,1,40,2,1, , , , , , 
42,1,2, , , ,5,6,14,2, , ,2, ,1,1,19,1,1,2,2, ,2, , , ,1, ,1,1,1,1,2,2, ,2, ,1,2,1,51,4,1,2, ,2, ,1,2,1,41,2,1,2, ,2, ,1,3
38,1,2, , , ,5,6,10,2, , ,1, ,1,1,25, ,1,2,2, ,1, ,1, ,1, ,2, , ,1,1,1, ,1, ,1, ,2, , ,1,2, ,1, ,2, ,2, , ,1,2, ,2, ,1, 
36,2,2, , , ,3,8,8,2, , ,2, ,1,2, , ,1,1,2, ,2, ,1,2,1,1,1, , ,1,1,1,1,2, ,1,1,2, , ,1,2, ,2, ,1, ,1,40,2,1,2, ,2, ,1, 
39,1,2, , , , ,6,10,2, , ,2, ,1,1, , , ,1,1, ,2, ,2, ,1, ,1,25,3,1,1,2, ,2, , , ,1, , ,1,2, ,2, ,1, ,1,40,3,1,1, ,2, ,2, 
42,1,2, , , , ,4, , , , ,2, ,1,1, , , ,1,1, ,2, ,2, ,1, ,1,25,3,1,1, , ,2, ,2, ,1, , ,1,2, ,2, ,1, ,1,40,3,1,1, ,2, ,2, 
45,1,1,cervix,60,mother,10,7,21,1,breast, ,2, ,2,2, , ,2, , , ,1, , , ,1, ,1,40,2,1,1,1, ,1,2,1, ,2, , ,1,2, ,2, , , ,2, , ,1,1, , , , , 
 ,1,1,cervix,60,mother,10,8, ,1, , ,1, ,2,2, , ,2, , , , , ,1, ,1, ,1,40,2,1,1,1, ,1,2,1, ,2, , ,1,2, ,2, , , ,2, , ,1,1, , , , , 
30,2,1,bone cat,51,uncle, ,8,6,2, , ,1," cerv,ov",1,1,30,3,1,1,2, ,1, ,1, ,1, ,1,20,3,1,1,1, ,1, ,1, ,1,40,5,1,2, ,1, ,1, ,1,40,2,1,2, ,1, ,1, 
36,1,2, , , ,1,6, ,2, , ,1, ,1,1,30,3, ,1,2, ,2, , , ,1, ,1, , ,1,2,2, ,2, ,1,2,1,51,4,1,2, ,2, ,1,2,1,41,2,2,2, ,2, ,1,3
36,1, , , , ,1,6, ,2, , ,1, ,1, ,30,3, ,1,2, ,2, , , , , ,1, , ,1,2,2, ,2, ,1,2,1,51,4,1,2, ,2, ,1,2,1,41,2,2,2, ,2, ,1,3
38,1,1,cervix,60,mother, ,4,10,1, , ,1, ,2,2, , ,2,2, , , , , , ,1, ,1,40,2, ,1,1, ,1,2,1, ,2, , ,1,1, ,2, , , ,2, , , ,1, , , , , 
48,1,1,cervix,56, ,12,3,23,2, , ,1, ,1,1,10,1,1,1,2, , , ,2, ,2, ,1,30,1,1,1,2, ,2, ,2, ,1, , ,1,2, ,2, ,2, ,1,50, ,1,1, ,2, ,1, 
36,1,1,bone cat,51, ,10,8,6,1, , ,2,"crv,ovr",1,1,30,3,1,2,1, ,1, ,1, ,1, ,1,20,3,1,1,1, ,1, ,1, ,1,40,5,1,2, ,1, ,1, ,1,41,3,1,2, ,1, ,1, 
36,2, , , , ,12,8,8,2, , ,1, ,1,1,25,3,1,1,2, ,2, , , ,1, ,1,40,3,1,1,2, ,2, ,1, ,1,40,4,1,2, ,2, ,1, ,1, , ,1, , , , , , 
46,1, , , , ,12,3,18,2, , ,1, , ,1,25,3,1,1,2, ,2, ,2, ,2, ,1,36,2,1,2,1, ,2, ,2, ,2, , ,1,2, ,2, ,2, ,2, , ,1,2, ,2, ,2, 
42,1, , , , ,11,6,14,1,lung,5,1, ,1,1,25,3,1,1,2, ,2, ,1,2,1,2,2, , ,1,1,2, ,2, ,2, ,2, , ,1,1,2,2, ,2, ,1,45,3, , , , , , , 
39,1,2, , , ,4,5,12,1,lung,52,1, ,1,1,25,3,1,1,2, ,2, ,1,2,1,2,2, , ,1,1,2, ,2, ,2, ,2, , ,1,1,2,2, ,2, ,1,45,3, , , , , , , 
41,1,2, , , , ,5,14,2, , ,2, ,2,1,21,1,1,1,2, ,2, ,1,1, , , , , , , , , , , , , , , , , , , , , , , , , , ,1,2, ,2, ,2, 
36,2, , , , ,3,8,8, , , ,1, ,1,1,25,3,1,1,2, ,2, ,1, ,1,2,1,25,3,1,1,2, ,2, , , ,1,25,3,1,2, ,2, , , ,1,40,2,1,2, ,2, ,1, 
49,1,2, , , , ,3,21,2, , ,1, ,1,1,25,2,1,1,2, ,2, ,1, ,1, ,1,30,3,1,1,2, ,2, ,2,2,1,40,3,2,2, ,2, ,2,2,1,40,2,1,2, ,2, ,1, 
36,1,2, , , ,4,8,9, , , ,1, ,1,1,25,3,1,1,2, ,2, ,1, ,1,2,1,25,3,1,1,2, ,2, ,1, ,1,25,3,1,2, ,2, ,1, ,1,40,2,1,2, ,2, ,1, 
42,1,2, , , ,9,4,14,2, , ,2, ,1,2, , ,1,1,2, ,2, ,1,2,1,1,1, , ,1,1,2,1,2, ,1,1,2, , ,1,2, ,2, ,1, ,1,40,2,1,2, ,2, ,1, 
42,2,2, , , , ,4,14,2, , ,1, ,1,1,25,2,1,1,2, ,2, ,1, ,1, ,1,30,3,1,1,2, ,2, ,1,2,1,40,3,1,2, ,2, ,1,2,1,41,2,1,2, ,2, ,1, 
56,2,1,ovario,50,sister, ,3, ,1, ,5,1, ,1,1, , ,1,1,2, ,1, ,1, ,1, ,1, , ,1,1,1, ,2, ,2, ,1, , , ,1, ,2, ,2, ,1, , ,1,2, ,1, ,1, 
57,1,2, , , ,1,2, ,2, , ,1, ,1,1, , ,1, , , ,1, ,1, ,1, , , , ,1,1,2, ,2, ,1, ,1, , ,1, , ,2, ,1, ,1,60, ,1,1, ,1, ,1, 
42,1,2, , , , ,4,18,2, , ,1, ,1,1, , ,1,1, , , , , , , , , , , , , , , , , , , ,1,40,5,1,2, ,2, ,2, ,2, , ,1,1, ,2, ,2, 
49,1,2, , , ,2,3,24,2, , ,1, ,1,1,20,5,1,1, , , , ,2, ,1, ,1,30,5,1,1, , ,2, ,1, ,1,40,1,1,2, ,2, ,2, ,1,50,5,1, , , , , , 
36, ,2, , , , ,8,8,2, , ,1, ,1,1,21,3,1,2,2, , , ,2, ,2, ,1,25,2,1,1,2, ,2, ,1, ,1,30,1,1,2, ,2, ,2, ,1,45,3,1,2, ,2, ,2, 
53,2, , , , ,4,1, ,2, , ,1, ,1,1,23,1,1,2,2, ,1,3,1,3,1,3,1,21,2,1,1,2, ,1, ,2, ,1,30,3,1,1, ,2, ,1,3,1,45,5,2,2, ,1, ,1, 
36, ,2, , , ,4,8,7,2, , ,1, ,1,1,25,2,1,2,2, ,1,2,1,2,1,2,1,25,3,1,1,2, ,1,2,1,2,1,30,3,1,2, ,2, ,2, ,1,50,2,1,2, ,2, ,2, 
41, ,2, , , ,4,6,12,1, , ,1, ,1,1,23,5,1,2,2, ,2, ,1,3,1,3,1,25,2,1,1,2, ,1,2,1,2,1,25,3,2,2, ,1,2,1,2,1,40,3,2,1, ,2, ,2, 
39, ,2, , , ,10,8,12,2, , ,1, ,1,1,25,3,1,1,2, ,1, ,1,3,1,3,1,21,2,1,1,2, ,1,1,1,1,1,30,4,1,2, ,1,2,1,2,1,50,2,2,2, ,2, ,2, 
49,1,2, , , , ,2, ,1, , ,1,colon,1,1,25, ,1,2,2, ,2, ,2, ,2, ,1,30, ,1,1,2, ,2, ,2, ,1, , ,1,2, ,2, ,2, ,1,50,2,1,2, ,2, ,2, 
 ,1,2, , , , ,1, ,1,cervix, ,1, ,1,1,30,3,1,1,1, ,3, ,1,3,1,3,1,21,3,1,1,1,3,1,3,1,3,1,40,5,1,2, ,1,5,1,5,1,45,5,2,2, ,2, ,2, 
33,2,2, , , ,2,8,6,2, , ,2, ,1,1,25,3,1,1,2, ,2, ,1,3,1,3,1,21,3,2,2,2, ,1,3,1,3,1,45,3,1,2, ,2, ,1,3,1,45,2,1,2, ,1,3,1,3
34,1,2, , , ,12,8,6,2, , ,1,breast,1,1,30,4,2,2,2, ,2, ,1,3,1,3,1,30,3,1,1,2, ,2, ,2, ,1,30,3,1,2, ,2, ,2, ,1,45,5,2,2, ,1, ,1, 
36,1,2, , , ,12,6,9,2, , ,1,breast,1,1,25,3,1,1,1,3,1,3,1,2,1,2,1,21,3,1,2,2, ,1,3,1,3,1,45,3,1,2, ,1,3,1,3,1,50,1,1,2, ,1,1,1,1
46,2,2, , , ,12, ,18,2, , ,1,colon,1,1,25,3,1,2,2, ,1,3,1,3,1,3,1,21,3,1,1,2, ,1,2,1,2,1,40,2,1,1, ,1,2,1,2,1,50,2,1,2, ,2, ,2, 
42,2,2, , , , ,4,14,2, , ,1,breast,1,1,20,1,1,1,2, ,2, ,1, ,1,1,1,40,1,1, , , ,1,2,2, ,2, , ,1,1, ,1,3, , ,1,45,4,1,2, ,2, ,2, 
 ,2,2, , , ,2,6,5,2, , ,1,breast,1,1,20,1,1,1,2, ,2, ,1, ,1,1,1,40,1,1, ,1, ,1,2,2, ,2, , ,1,1, ,1,3,1, ,1,45,4,1,2, ,2, ,2, 
46,1,2, , , ,7,3,18,2, , ,1, ,1,1,30,3,1,1,2, ,2, , , ,1, ,1,35,3,1,1,2, ,2, ,1,3,1,40,4,1,2, ,2, ,1,3,1, , ,1,2, ,2, ,2, 
 ,2,2, , , , ,8, ,2, , ,1, ,1,1,30,3,1,1,2, ,2, , , ,1, ,1,35,3,1,1,2, ,2, ,1,3,1,40,4,1,2, ,2, ,1,3,2, , ,1, , , , , , 
40,1,2, , , , ,6,12,2, , ,2, ,1,1,20,4,1,1,2, ,2, ,2, ,2, ,1,35,4,1,1,2, ,2, ,2, ,1,30,3,1,2, ,2, ,2, ,1,30,2,1,2, ,2, ,2, 
42,1,2, , , ,1,5,12,2, , ,2, ,1,1, , ,1,1, , ,1, ,1, ,1, ,2, , ,1,1,1, ,1, ,2, ,2, , ,1,2, ,1, ,2, ,2, , ,1,2, ,2, ,1, 
 ,1,2, , , , ,6, ,2, , ,2, ,1,1, , ,1,2,1, ,1, ,1, ,1, ,2, , ,1,1,1, ,1, ,2, ,2, , ,1,2, ,1, , , ,2, , ,1,2, ,2, ,1, 
39,1,2, , , ,10,7,8,2, , ,2, ,2,1,2, , ,1,2, ,2, ,1,1,2, ,1,50,4, ,1,2, ,2, ,2, ,1,40,3,1,1,2,2, ,2, ,1,45,2,1,2, ,2, ,2, 
36,1,2, , , ,4,8, ,2, , ,2, ,2,1, , ,2,1,1, , , ,2, ,2, ,2,50, ,2,1,2, ,2, ,2, ,1,40,3,1,1, ,2, ,2, ,1,35,2,1,2, ,2, ,2, 
 ,1,2, , , ,11,8, ,2, , ,2, ,2,2, , ,1,1,2, ,2, ,1,1,2, ,1,50,4,1,2,2, ,2, ,2, ,1,40,3,1,1,2,2, ,2, ,1,35,2,1,2, ,2, ,2, 
 ,1,2, , , , ,4, ,2, , ,1, ,1,1,30,4,1,2,2, ,2, ,2, ,2, ,2, , ,1,1,2, ,2, ,2, ,1,25,3,1,2, ,2, ,2, ,2, , ,1,2, ,2, ,2, 
 ,1,2, , , ,11,8, ,2, , ,1, ,1,2, , ,1,1,2, ,2, ,1, ,2,1,2,50,4,1,2,2, ,2, ,2, ,1,40,3,1,1,2,2, ,2, ,1,35,2,1,2, ,2, ,2, 
30,1,2, , , ,11,8, ,2, , ,1, ,1,2, , ,1,1,2, ,2, ,1,1,2, ,1,51,4,1,2,2, ,2, ,2, ,1,40,3,1,1,2,2, ,2, ,1,35,2,1,2, ,2, ,2, 
39,1, , , , , ,4,13,2, , ,1, ,1,1,30,4,1,2,2, ,2, ,2, ,2, ,2, , ,1,1,2, ,2, ,2, ,1,25,3,1,2, ,2, ,2, ,2, , ,1,2, ,2, ,2, 
52,1,2, , , , ,2,22,2, , ,1, ,1,1,40,2,1,1,2, ,2, ,2, ,1, ,1,30,4,1,1,2, ,2, , , ,1,35,3,1,2, ,2, ,2, ,1, , ,1,2, ,2, ,2, 
46, , , , , ,20,3, ,1, , ,1, ,1,1,40,3,1,1,1,2,1, ,2, ,1,2,1,30,3,1,1,1,2,2, ,1,2,1,25,3,1,2, ,2, ,2, ,1,40,2,1,2, ,2, ,1,1
30,1,2, , , ,11,8, ,2, , ,2, ,1,2, , ,1,1,2, ,2, ,1,1,2, ,2,51,4,1,2,2, ,2, ,2, ,1,41,3,1,1,2,2, ,2, ,1,35,2,1,2, ,2, ,2, 
39,1,2, , , , ,4,9,1,ovareon, ,2, ,1,1,30,1,1,2,1, ,2, ,1, ,1,1,2,40,4, ,1,2, ,2, ,2, ,1,50,4,1,2, ,2, ,2, ,2, , ,1,2, ,2, ,2, 
31,1,1,ovareon, ,anuty,10,8,3,2, , ,1, ,1,1,30,1,1,2,1, ,2, ,1,1,1,1,2,41,4,1,2,2, ,2, ,1, ,1,51,4,1,2, ,2, ,2, ,2, , ,1,2, ,2, ,2, 
34,1,2, , , ,2,6,5,2, , ,1,breast,1,1,21,1,1,1,2, ,2, ,1,1,1,1,1,41,1,1,1,1,2,2, ,1,2,2, , ,1,1,3,2, ,1,3,1,45,4,1,2, ,2, ,2, 
37,2,2, , , ,3,8, ,2, , ,1,breast,1,1,21,1,1,1,2, ,2, , , ,1,1,1,41,1,1,1,1,2,2, ,1,2,2, , ,1,1,3,2, ,1,3,1,45,4,1,2, ,2, ,2, 
34,1,2, , , ,20,8,10,2, , ,1, ,1,1,30,3,1,1,2, ,2, ,2, ,2, ,2, , ,1,1,2, ,2, ,1, ,1,41,2,1,1, ,2, ,2, ,1,31,3,1,1, ,2, ,2, 
36,1, , , , ,12,6,9,2, , ,1, ,1,1,30,3,1,1,2, ,2, ,2, ,2, ,2, , ,1,1,2, ,2, ,1, ,1,45,3,1,2, ,2, ,2, ,1,35,3,1,2, ,2, ,2, 
44,1,2, , , ,2,3,16, , , ,1,colon,1,1,25,2,1,1,2, ,2, ,1,2,1,2,1,25,3,1,1,2, ,1,3,1,3,1,40,2,1,2, ,1,2,1,2,1,45,3,1,2, ,1,3,1,3
34,1, , , , ,3,8,6,2, , ,1,prostate,1,1,30,3,1,1,2, ,2, ,1,3,1,3,1,21,2,1,1,2, ,1,2,1,2,1,45,2,1,2, ,1,2,1,2,1,55,3,1,2, ,1,2,1,2
51,1, , , , ,4,2,24,2, , ,1,breast,2,1,30,2,1,1,2, ,2, ,1,3,1,3,1,25,3,1,1,2, ,1,3,1,3,1,40,2,1,2, ,1,2,1,2,1,50,2,2,2, ,2, ,2, 
34,1,2, , , ,11,8, ,2, , ,2, ,1,1,21,3,1,2,2, ,2, ,1,3,1,3,1,21,2,1,1,2, ,2, ,2, ,1,40,2,1,2, ,1,2,1,2,1,55,2,1,2, ,1,2,1,2
41,1,2, , , , ,6,12, , , ,2, ,1,1,25,3,1,1,2, ,2, ,1, ,1, ,1,30,2,1,1,2, ,2, ,1, ,1,25,2,1,2, ,2, ,2, ,1,40,1,2,2, ,2, ,2, 
33,2,2, , , ,9,8, , , , ,1,breast,1,1,23,3,1,1,2, ,2, ,1, ,1, ,1,25,3,1,1,2, ,1,2,1,2,1,45,3,1,2, ,1,3,1,3,1,50,2,1,2, ,1,2,1,2
38,1,2, , , , ,4, , , , ,2, ,1,1,23,2,1,1,2, ,2, ,1, ,1, ,1,25,2,1,1,2, ,1,2,1,2,1,30,2,1,2, ,1,2,1,2,1,45,2,1,2, ,2, ,2, 
44,1,2, , , , ,4,16,2, , ,1,breast,1,2,25,3,1,1,2, ,2, ,1,3,1,3,1,21,2,1,1,2, ,1,2,1,2,1,45,5,1,2, ,1,2,1,2,1,55,2,1,2, ,1,2,1,2
38,1,2, , , ,11,6,10,2, , ,1,breast,1,1,21,3,1,1,2, ,2, ,1,3,1,3,1,21,3,1,1,2, ,1,3,1,3,1,40,3,1,2, ,1,3,1,3,1,55,3,1,2, ,1,2,1,2
32,1,2, , , ,10,8,4,2, , ,1,breast,1,1,25,2,1,1,2, ,2, ,1,3,1,3,1,25,3,1,2,2, ,2, ,2, ,1,40,3,1,2, ,2, ,2, ,1,50,2,1,1, ,2,3,1,3
46,1,2, , , ,10,3, ,2, , ,1,prostate,1,1,25,3,1,1,2, ,2, ,1,3,1,3,1,21,3,1,1,2, ,1,3,1,3,1,40,2,1,2, ,1,2,1,2,1,55,2,1,2, ,2, ,2, 
49,1,2, , , , ,3, ,2, , ,1,breast,1,1,30,3,1,1,2, ,2, ,1,3,1,3,1,21,3,1,1,2, ,1,3,1,3,1,40,3,1,2, ,1,3,1,3,1,50,2,1,2, ,2, ,2, 
39,2, , , , ,11,6,12,2, , ,1,breast,1,1,25,3,1,1,2, ,1,2,1,2,1,2,1,21,2,1,1,2, ,1,3,1,3,1,40,3,1,2, ,1,3,1,3,1,50,2,1,2, ,1,2,1,2
35,1,2, , , ,1,8, , , , ,1,cervix,1,1,25,3,1,1,2, ,2, ,1,3,1,3,1,21,2,1,1,2, ,1,2,1,2,1,40,3,1,2, ,1,3,1,3,1,40,1,1,2, ,2, ,2, 
40,1,2, , , ,1,5,10,2, , ,1, ,1,1,25,3,1,1,2, ,2, ,1,3,1,3,1,21,3,1,2,2, ,1,3,1,3,1,40,3,1,2, ,2, ,2, ,1,45,4,1,2, ,1,3,1,3
36,2,2, , , ,7,7,8,2, , ,1, ,1,2,25,3,1,1,2, ,2, ,1,3,1,3,1,30,3,1,2,2, ,1,3,1,3,2,35,3,1,2, ,1,3,1,3,1,45,3,1,2, ,1,3,1,3
36,1,1,colon,50, , ,8,7,2, , ,1,colon,1,1,25,3,1,2,2, ,2, ,1,3,1,3,1,30,3,1,2,2, ,2, ,2, ,1,45,3,1,2, ,1,3,2,3,1,25,5,1,2, ,2, ,2, 
38,1,2, , , ,9,8, ,1, , ,2, ,1,1,20,2,1,2,2, ,2, ,1,2,1,2,1,25,3,1,1,2, ,2,3,2,3,1,40,3,1,2, ,2, ,2, ,1,30,3,1,2, ,2, ,2, 
42,2,2, , , , ,4,14,2, , ,1,breast,1,1,25,3,1,1,2, ,1,3,1,3,1,3,1,21,3,1,1,2, ,1,3,1,3,1,30,3,1,2, ,1,5,1,5,1,40,5,1,2, ,1,5,1,5
40,1,2, , , ,4,6,12,2, , ,1,memogr,1,1,25,3,1,1,1, ,2, ,1,3,1,3,1,21,3,1,1,1,3,1,3,1,3,1,30,3,1,2, ,2, ,2, ,1,35,3,2,2, ,2, ,2, 
39,1,2, , , ,10,8,8,2, , ,1, ,1,1,24,3,1,1,1,2,1,2,1,3,1,3,1,21,3,1,1,1,3,1,3,1,3,1,40,5,1,2, ,1,3,1,3,1,30,5,1,1,3,1,3,1,3
34,2,2, , , ,11,8,8,2, , ,2, ,1,1,21,3,1,1,2, ,2, ,1,3,1,3,1,21,3,1,1,2, ,1,3,1,3,1,40,4,2,2, ,2, ,2, ,1,40,5,1,2, ,2, ,2, 
39,1,2, , , ,20,6,10,2, , ,1, ,1,1,20,2,2,1,2, ,2, ,2, ,2, ,2,30,5,2,2,2, ,2, ,2, ,1,40,5,2,2, ,2, ,2, ,1,40,3,1,1,3,1,2,1,2
36,1,2, , , ,1,8,9,2, , ,2, ,1,1,30,5,1,2,2, ,2, ,2, ,2, ,1,40,3,1,2,2, ,2, ,2, ,1,40,3,1,2, ,2, ,2, ,1,45,5,2,2, ,2, ,2, 
50,1,2, , , ,1,2, ,2, , ,1, ,1,1,25,3,1,1,2, ,2, ,1, ,1, ,1,22,25,1,1,2, ,2, ,2, ,1,45,5,1,2, ,2, ,2, ,1,45, ,1,1, ,2, ,2, 
38,2,2, , , ,20,7,8,2, , ,1, ,1,1,24,3,1,1,2, ,2, ,1,3,1,3,1,21,4,1,1,2, ,1,5,1,5,1,30,5,1,2, ,2, ,2, ,2, , , ,2, ,2, ,2, 
40,2,1,breast,30, ,20,3,17,1,breast, ,1, ,1,1,25,3,1,1,2, ,2, ,1, ,1, ,1,21, ,1,1,2, ,1, ,1, ,2, , ,2,2, ,2, ,2, ,2, , ,2,2, ,2, ,2, 
34,1,2, , , ,12,8,7,2, , ,2, ,1,1,21,2,1,2,2, ,2, ,1,2,1,2,1,25,2,1,2,2, ,2, ,2, ,1,25,2,2,2, ,2, ,2, ,2, , , , , , , , , 
39,1,2, , , , ,4,10,2, , ,1,breast,1,1,35,5,1,2,2, , , ,1,5,1,5,1,25,3,1,2,2, ,1, ,1, ,1,30,3,1,2, ,1, ,1, ,1,40,2,1,2, ,1,2,1,2
34,2,2, , , ,10,8,6,2, , ,2, ,1,1,30, ,1,1,2, , , ,1, ,1, ,1,23,5,2,2,2, ,2, ,2, ,2,45,3,2,2, ,2, ,2, ,2, , , , , , , , , 
35,1,2, , , ,2,8,8,2, , ,1, ,1,1,25,3,1,1,2, , , ,1,3,1,3,1,25,5,1,1,2, ,1, ,1, ,1,45,3,1,2, ,1,3,1,3,1,40,5,1,1,5,1,5,1,5
34,1,2, , , , ,8,6,2, , ,1,breast,1,1,25,3,1,1,2, ,2, ,1,3,1,3,1,40,5,1,2,2, ,2, ,2, ,1,40,5,1,2, ,1,5,1,5,1,30,3,1,2, ,2, ,2, 
44,1,2, , , , ,2,14,2, , ,1, ,1,1,25,3,1,1,2, ,2, ,2, , , ,1,35,2,1,2,1, ,2, ,2, ,2, , ,1,2, ,2, ,2, ,2, , ,1,2, ,2, ,2, 
41,2,1,prostate,50,sister,3,5,14,1,prostate,6,1,prostate,1,2, , ,1,1,1, ,1, ,1, ,1, ,2, , ,1,1,2, ,2, ,1, ,2, , ,1,2, ,1, , , ,1,40,1,1,1,1,1,1,1,1
 ,1,2, , , , ,7,5,1,larynx, ,3, , ,1,40,1,1,1,1, ,2, ,2, ,1, ,2,30,5,1,1,2, ,2, ,2, ,1,45,10,1,1, ,2, ,2, ,1,40,1,1,2, ,2, ,2, 
40,1,2, , , , ,2, ,1, , ,2, ,2,1,40,1,1,2,2, ,2, ,1, ,1, ,1,30,3,1,1,2, ,1, ,2, ,1,50,5,1,2, ,2, ,2, ,1,50,3,1,2, ,2, ,1, 
28,1,1,tongue,38,mother,5,7,2.5,2, , ,1,breast,1,1,40,2,1,1,2, ,2, ,1, ,1, ,1,21,5,1,1,2, ,1, ,1, ,1,45,3,1,2, ,1, ,1,1,1,50,2,1,2, ,2, ,2, 
30,1,2, , , ,5,7,6,2, , ,1, ,1,1,40,2,1,1,2, ,2, ,1, ,1, ,1,21,4,1,1,2, ,1,3,1,3,1,45,10,1,2, ,1, ,1, ,1,50,2,1,2, ,2, ,2, 
28,2,2, , , , , ,2,1,HCC,6,1, ,1,1,40,1,1,1,1,3,1,2,1, ,1, ,1,25,3,1,1,2, ,2, ,1, ,1,45,2,1,2, ,2, ,1,2,2,50, ,1,2, ,2, ,1, 
 ,1,1, , , ,2,6,24,1, , ,1,cervix,1,1,40,1,1,1,1, ,2, ,2, ,2, ,1, , ,1,1,2, ,1, ,2, ,1, , ,1,2, ,2, ,2, ,1, , ,1,2, ,2, ,2, 
 ,1,1, , ,father,2,1,36,1, , ,1,breast,1,1, , ,1,1,1, ,2, ,2, ,2, ,1, , ,1,1,2, ,1, ,2, ,1, , ,1,2, ,2, ,2, ,1, , ,1,2, ,2, ,2, 
27,2,2, , , , ,8, ,2, , ,1, ,1,1,15,.5,1,1,1, ,1, ,1, ,1, ,1,15,18,1,1,1, ,1, ,1, ,2, , ,2,2, ,2, ,2, ,2, , ,2,2, ,2, ,2, 
32,2,2, , , , ,6, ,2, , ,1, ,1,1,15,.5,1,1,1, ,1, ,1, ,1, ,1,15,1,1,1,1, ,1, ,1, ,2, , ,2,2, ,2, ,2, ,2, , ,2,2, ,2, ,2, 
27,2,2, , , , ,8, ,1, , ,1,cervix, ,1,15,.5,1,1,1, ,1,.5,1,1,1,1,1,25,1,1,1,1, ,1,1,1, ,2, , ,2,2, ,2, ,2, ,2, , ,2,2, ,2, ,2, 
 ,2,2, , , , ,7, ,2, , ,1,cervix,1,2, , ,1,1,1,.5,1,1,2, ,2, ,1,35, ,1,1,2, ,2, ,2, ,2, , ,2,2, ,2, ,2, ,2, , ,2,2, ,2, ,2, 
44,2,2, , , , ,3, ,2, , ,2, ,1,1,40,3,1,1,1, ,2, ,2, ,1, ,1,30,5,1,1,2, ,2, ,1, ,1,45,10,1,2, ,2, ,2, ,1,40,3,1,2, ,2, ,2, 
33,1,2, , , ,2,7,7,2, , ,2, ,1,1, ,1,1,1,2, ,2, ,2, ,1, ,1,40,3,1,1,2, ,2, ,2, ,1,45,10,1,2, ,2, ,1, ,1,50,10,1,2, ,2, ,2, 
64,1,1, ,70,Brother, ,2,4,1,liver, ,3, , ,1,40,2,1,1,2, ,2, ,2, ,2, ,1,18,1,1,1,2, ,2, ,2, ,1,40,2,1,2, ,1, ,2, ,1,60,2,1,1, ,2, ,1, 
65,1,1,breast,38,wife, ,2, ,2, , ,3, ,1,1,40,2,1,1,2, ,2, ,2, ,2, ,1,18,1,1,1,2, ,2, ,2, ,1,40,2,1,2, ,1, ,2, ,1,60,2,1,1, ,2, ,1, 
25,2,2, , , , , ,8,2, , ,1, ,1,2, , ,1,2,1, ,1, ,1, ,1, ,2, , ,1,2,1, ,1, ,1, ,2, , ,1,2, ,1, ,1, ,2, , ,1,1, ,1, ,1, 
26,1,2, , , , ,9,.5,2, , ,4, , ,1, ,1,1,1,1, ,2, ,2, ,2, ,2, , ,1,1,2, ,2, , , ,2, , ,2,2, ,1, , , ,2, , ,1,1, ,2, ,2, 
60,1,2, , , ,6, ,34,1, , ,2, ,2,2, , ,2,2,2, ,2, ,2, , , ,2, , ,1,1,2, ,2, ,2, ,2, , ,1,2, ,2, ,2, ,2, , ,1,2, ,2, ,2, 
30,2,2, , , ,15,8,5,2, , ,1, ,1,1,20,1,1,2,2, ,2, ,2, ,1, ,1,30,1,1,1,2, ,2, ,1, ,1,35,2,1,2, ,2, ,2, ,1,40,2,1,2, ,2, ,2, 
38,1,2, , , ,9,3,14,2, , ,1,bone,1,1,40,3,1,1,2, ,1,2,1,2,1,2,1,25,3,1,1,2, ,2, ,1,5,1,45,10,1,2, ,2, ,1,10,1,40,2,1,1,2,1,2,1,2
26,2,2, , , ,9,9, ,2, , , , , , , , ,1,1,2, ,2, ,2, ,2, ,2, , ,1,1,2, ,2, ,2, , , , ,1,2, ,2, ,2, ,2, , ,1,2, ,2, ,2, 
27,2,1,breast,55,aunty,18,8, ,2, , ,1, ,1,1, , ,1,2,2, ,2, ,2, ,2,1,1, , ,1,1,2, ,2, ,2, ,1, , ,2,2, ,2, ,2, ,2, , ,2,2, ,2, ,2, 
29,2,2, , , ,19,8, ,2, , ,1, ,2,1,40,2,1, ,2, ,2, ,2, ,2, ,1,29,3,1,1,2, ,2, ,2, ,2,45, ,1,2, ,2, ,2, ,2,55,10,2,2, ,2, ,2, 
35,2,2, , , ,19,3, ,1, , ,1, ,2,1,40,2,1,2,2, ,2, ,2, ,2, ,1,29,3,1,1,1, ,2, ,2, ,2,45,1,2,2, ,2, ,2, ,2, , ,2,2, ,2, ,2, 
64,1,1,colon,54,fathar, ,1,40,2, , ,2, ,1,2, , ,1,2,1, ,2, ,2, ,2, ,2, , ,1,1,1, ,2, ,2, ,2, , ,1,2, ,2, ,2, ,2, , ,1,2, ,2, ,2, 
29,2,2, , , ,18,8,5,2, , ,1, ,1,1,25,3,1,1,1, ,2, ,1, ,2, ,1,21,3,1,1,2, ,2, ,1,3,1,45,3,1,2, ,2, ,2, ,1,50,2,1,2, ,2, ,1, 
32,2,2, , , ,18,8,5,2, , ,1, ,1,1,25,3,1,1,2, ,2, ,2, ,1, ,1,21,3,1,1,2, ,1, ,1,3,1,45,6,1,2, ,2, ,2, ,1,50,2,1,2, ,2, ,1, 
29,2,2, , , ,16,8,3,2, , ,1,cervical,1,1,40,3,1,1,1, ,1,1,2, ,1,1,1, ,3,1,1,2, ,2, ,1,3,1,45,2,1,2, ,2, ,2, ,1,50,5,1,2, ,2, ,2, 
28,2,2, , , ,18, , ,2, , ,1,cervical,1,1,25,5,1,1,2, ,2, ,1,3,1,5,1,30,5,1,1,2, ,2, ,1,5,1, , ,1, , ,2,3,2, ,1,45,2,1,2, ,2, ,1,2
27,2,1,lang,55,uncle,18,8,3,2, , ,1,cervical,1,1,30,2,1,1,1,3,2, ,1,3,1,3,1,21,3,1,1,2, ,2, ,1,3,1,45,10,1,2, ,2, ,1, ,1,50,2,1,1,2,2, ,2, 
29,1,2, , , ,14,8,5,2, , ,2, ,2,1,15,2,1,1,2, ,2, ,1,2,1,2,1,25,1,1,1,2, ,1, ,1, ,2, , ,2,2, ,2, ,2, ,1,50,1,2,2, ,1,1,1,1
45,2,2, , , ,14,2,5,2, , ,1,cervical,1,1,40,1,1,2,2, ,2, ,2, ,2, ,1,25,3,1,1,1, ,2, ,2, ,1,50,10,1,2, ,2, ,2, ,1,40,1,1,2, ,1, ,2, 
 ,2,1,laryngea, ,uncle, ,3, ,1,laryngea,14,1, ,1,1,20,1,1,1,2, ,2, ,2, ,2, ,1, ,3,1,1,2, ,2, ,1, ,2, , ,1,2, ,2, ,2, ,2, , ,1,2, ,2, ,2, 
38,2,2, , , ,14,3,6,2, , ,1, ,1,1,14, ,1,1,1, ,2, ,1, ,1, ,1,16, ,1,1,1, ,2, ,1, ,1,30, ,1,2, ,1, ,1, ,1,50, ,1,2, ,1, ,1, 
26,1,1,lever,60,husbent,21,9,5,2, , ,1, ,1,1,30,1,2,2,1, ,2, ,2, ,1, ,2, , ,1,1,2, ,2, ,2, ,2, , ,2,2, ,2, ,2, ,2, , ,2,2, ,2, ,2, 
29,2,1,breast,60,g-mother, ,8, ,2, , ,1,breast,1,1,30,1,1,1,1, ,2, ,1, ,1, ,1,25,3,1,1,2, ,1, ,1, ,1, , ,1,1, ,2, ,2, ,1,50,4,1,1, ,1, ,2, 
30,1,2, , , ,15,8,5,2, , ,2, ,1,1,30, ,1,1,2, ,2, ,2, ,2, ,1,21,3,1,1,2, ,2, ,2, ,1,45, ,1,2, ,2, ,2, ,1,50,1,1,1, ,2, ,2, 
30,1,2, , , ,16, ,5,2, , ,1, ,1,1,30, ,1,1,2, ,2, ,2, ,2, ,1,45,3,1,1,2, ,2, ,2, ,1, , ,2,2, ,2, ,1, ,1, , ,2,2, ,2, ,2, 
31,2,2, , , ,16,8,8,2, , ,1, ,1,1,25, ,1,1,2, ,2, ,2, ,2, ,1,25,3,1,1,2, ,2, ,2, ,1,45,5,1,2, ,2, ,2, ,1,45,1,1,2, ,2, ,2, 
28,1,1,leukemia,55,g-mother,17, ,2,2, , ,1,cervical,1,2, , ,1,1,2, ,2, ,2, ,2, ,1,45,3,1,1,2, ,2, ,2, ,2, , ,1,2, ,2, ,2, ,1, , ,1,2, ,2, ,2, 
43,2,1,lung,60,father,16, ,2.5,2, , ,1,cervical,1,1,35,2,1,1,2, ,2, ,2, ,1, ,1,35,1,1,1,2, ,2, ,2, ,1,30,1,1,2, ,2, ,2, ,1,40,2,1,2, ,2, ,2, 
58,1,1,prostate, ,father,20,1,32,2, , ,1,breast,1,1, ,1,1, , , , , ,1,1,2, ,2, , ,1,1, , ,1, ,2, ,2, , ,1,2, ,2, ,1, ,2, , ,1,2, ,2, ,2, 
27,2,2, , , ,16,8,3,2, , ,2,cervical,1,1,16,1,1,1,1, ,2, ,1, ,1, ,1,30,1,1,1,2, ,2, ,1, ,2, , ,1,2, ,2, ,2, ,1, , ,1,2, ,2, ,1, 
34,2,2, , , ,19,8, ,2, , ,1, ,2,1,40,2,1,2,2, ,2, ,2, ,2, ,1,25,3,1,1,2, ,2, ,2, ,2,45, ,1,2, ,2, ,2, ,2, , ,2,2, ,2, ,2, 
 ,2,2, , , ,19,8,5,2, , ,1, ,2,1,40,2,1,2,2, ,2, ,2, ,2, ,1,21,3,1,1,2, ,2, ,2, ,2,45,10,1,2, ,2, ,2, ,1,55,3,2,2, ,2, ,2, 
65,1,2, , , ,8,1, ,1,prostate, ,1, ,1,1,25,3,1,1,1, ,1, ,1, ,1, ,1,21,3,1,1,2, ,1, ,1, ,1,40,10,1,1, ,2, ,1, ,1,50,1,1,1, ,2, ,1, 
36,2,2, , , ,20,3,13,2, , ,1, ,1,1,25,6,1,1,1, ,2, ,1, ,1, ,1,21,3,1,1,2, ,2, ,1,3,1,45,10,1,2, ,2, ,1,3,1,50,2,1,2, ,1,1,1,2
27,1,2, , , ,20,3,2,2, , ,1, ,1,1,25, ,1,1,2, ,1, ,1, ,1, ,2, , ,1,1,2, ,2, ,1, ,2, , ,1,2, ,2, ,2, ,1, , ,1,2, ,2, ,1, 
32,2,2, , , ,20,3,8,2, , ,1, ,1,1,25,2,1,1,1, ,2, ,1, ,1, ,1,21,3,1,1,2, ,2, ,1,3,1,45,3,1,2, ,2, ,1,3,1,55,2,1,2, ,2, ,1,2
34,2,2, , , ,20,3,6,2, , ,1, ,1,1,25,2,1,1,1, ,2, ,1, ,1, ,1,21,3,1,2,2, ,1, ,1,3,1,45,3,1,2, ,2, ,1,3,1,55,2,1,2, ,2, ,1,2
29,2,2, , , ,20,3,6,1,CML, ,1,breast,1,1,25,3,1,1,1, ,2, ,1, ,1, ,1,21,3,1,1,2, ,2, ,1,3,1,45,3,1,2, ,2, ,1,3,1,55,2,1,2, ,2, ,1,1
31,2,2, , , ,20,3,6,1,breast, ,1, ,1,1,25,3,1,1,1, ,2, ,1, ,1, ,1,21,3,1,1,2, ,1,3,1,3,1,45,3,1,2, ,2, ,1,3,1,55,2,1,2, ,1,1,1,1
31,1,1,trachcal,52,g-father,2,7,6,2, , ,2, ,1,1,40,1,1,2,2, ,2, ,1,1,1,1,1,40,3,1,2,2, ,2, ,1, ,1,45,10,1,1, ,1, ,1, ,1,50, ,1,1, ,2, ,1, 
26,2,2, , , ,2,8,2,2, , ,1, ,1,1,14,1,1,1,2, ,1,1,2, ,1, ,1,40,3,1,1,2, ,2, ,1, ,1,45,10,1,2, ,2, ,1, ,1,65,2,1,1, ,2, ,1, 
32,1,1, ,50,uncle, ,6,6,1, , ,1, ,1,1,14,1,1,1,2, ,2, ,2, ,2, ,2, , ,1,1,1, ,2, ,2, ,1,45,10,1,1, ,2, ,1, ,1,50,2,1,1, ,2, ,1, 
27,1,2, , , ,7,8,2.5,2, , ,1, ,1,1,40,3,1,1,2, ,2, ,1, ,1,3,1,25,3,1,1,2, ,2, ,1, ,1,45,10,1,1, ,2, ,2, ,1,50,4,1,1, ,2, ,2, 
 ,1,1,colon,55,father,2,3,3,1,colon, ,1,colon,1,1,20,1,1,1,1, ,1, ,2, ,2, ,1, , ,1,1,1, ,2, ,2, ,1, , ,1,1, ,2, ,2, ,1, , , , , , , , , 
32,1,2, , , ,1,8,5,1, , ,1, ,1,1,40,2,1,1,1,1,1,2,2, ,2, ,1,21,3,1,1,1, ,1, ,1, ,1,45,10,1,1, ,1, ,1, ,1,55,2,1,1, ,1, ,1, 
27,2,2, , , ,1,8,1,2, , ,2, ,1,2, , ,1,2,2, ,2, ,1, ,1, ,2, , ,1,1,2, ,2, ,1, ,2, , ,2,1, ,1, ,1, ,2, , ,1,1, ,1, ,1, 
28,1,2, , , , ,8, ,2, , ,1, ,1,1,40,1,1,1,2, ,2, ,2, ,2, ,1,18,5,1,1,2, ,2, ,2, ,1,45,5,1,1, ,2, ,1, ,1,40, ,1,1, ,2, ,2, 
30,1,2, , , ,4,7, ,2, , , , , ,1, , , ,1, , ,1, ,1, ,1, ,2, , ,2,2,2, ,1, ,1, ,2, , , ,2, ,2, ,2, ,2, , , ,2, ,2, ,2, 
53,1,2, , , , ,1, ,2, , ,1, ,1,2, , , ,1, , , , , , ,2, ,2, , ,1,1, , ,1, , , ,2, , ,1,1, ,1, ,1, ,2, , ,1, , ,1, , , 
26,2,2, , , ,4,8,2,1, , ,1, ,1,1,15,1,1,2,2, ,2, ,2, ,1, ,1,15, ,1,1,2, ,1, ,1, ,2, , ,2,2, ,2, ,2, ,2, , ,2,2, ,2, ,2, 
28,2,2, , , ,4,7,4,2, , ,1, ,1,1,2,2,1,1,1, ,2, ,1, ,1, ,2, , ,1,1,2, ,1, ,2, ,2, , ,2,2, ,2, ,2, ,2, , ,2,2, ,2, ,2, 
31,2,2, , , ,4,6,6,2, , ,1, ,1,2, , ,1,1,2, ,2, ,2, ,2, ,2, , ,1,1,2, ,2, ,2, ,1, , ,1,1, ,2, ,2, ,1, , ,1,1, ,2, ,2, 
48,2,2, , , ,4,2,22,2, , ,1, ,1,2, , ,1,1, , , , ,1, ,2, ,1, , ,1,1,2, ,1, ,2, ,2, , ,1,1, ,2, ,2, ,1,50, ,1,2, ,2, ,2, 
50,2,1, , ,sister, ,2,12,2, , ,1, ,1,2, , ,1,1,2, , , ,1, ,2, ,2, , ,1,1,1, ,2, ,2, ,2, , ,1,2, ,2, ,2, ,2, , ,1,2, ,2, ,2, 
30,1,2, , , ,2,7,4,2, , ,1, ,1,2, , ,1,2,2, , , ,2, ,2, ,2, , ,1,1,2, ,2, ,2, ,2, , ,1,1, ,2, ,1, ,2, , ,1,1, ,2, ,2, 
29,1,2, , , ,2,8,3,1,breast,2,1,breast,1,1,40,1,1,1,2, ,2, ,2, ,1, ,1,18,1,1,1,1, ,1, ,1, ,2, , ,1,1, ,1, ,1, ,2, , ,1,2, , , , , 
26,2,2, , , ,21, ,5,2, , ,1,cervix,1,1,40,3,1,2, , ,1,3,2, , , ,1, ,3,1,1,2, ,2, ,1, ,1,55, ,2,2, ,2, ,2, ,1,50, ,1,1, ,2, ,2, 
40,2,1,leukamia,20,aunty,21,8,6,2, , ,2, ,1,1,30,1,1,1,1,1,1,1,1,1,1, ,1,25,3,1,1,2, ,2, ,2, ,2, , ,2,2, ,2, ,2, ,1,50,4,1,1, ,2, ,2, 
64,1,2, , , ,17,2,29,1,oesopheg,20,1,cervical,1,2, , ,1,1,2, ,2, ,1, ,1, ,1,20,3,1,1,1,5,1, ,1, ,2, , ,2,2, ,2, ,1, ,1,10,3,2,2, ,2, ,1, 
32,2,2, , , ,16,8,5,2, , ,1,breast,1,1,40,1,1,2,2, ,2, ,1,1,2, ,1,25,3,1,1,2, ,2, ,2, ,1,45, ,1,2, ,2, ,2, ,2, , ,2,2, ,2, ,2, 
27,2,1,colon,45,father,16,8,3,2, , ,1,cervix,1,1,16,1,1,1,1, ,2, ,1, ,1, ,1,30,1,1,1,2, ,2, ,1, ,1, , ,1,2, ,2, ,2, ,1, , ,1,2, ,2, ,1, 
68,1,2, , , ,16,1,42,2, , ,1,cervical,1,1,40,1,1,1, , , , ,2, ,1, ,1,21,5,1,1, , ,2, ,1, ,1,45,1,1,2, ,2, ,1, ,1,40,1,1,1, ,1, ,1, 
48,1,2, , , ,21,2,2,2, , ,1,cervical,1,1,35, ,1,1,2, ,2, ,2, ,2, ,1,21,3,1,1,2, ,2, ,2, ,1,50,10,1,2, ,2, ,2, ,1,40,2,1,2, ,2, ,2, 
28,1,2, , , ,14, ,5,2, , ,1, ,1,1,40,2,1,2,2, ,2, ,2, ,2, ,1,20, ,1,1,2, , , ,1, ,2, , ,1,1, ,2, ,1, ,2, , ,1,1, ,2, ,2, 
36,2,2, , , ,14,3,11,2, , ,1,cervical,1,1,40,1,1,2,2, ,2, ,2, ,2, ,1,25,3,1,1,2, ,2, ,2, ,1,50,10,1,2, ,2, ,2, ,1,40,1,1,2, ,2, ,2, 
29,2,2, , , ,19,8, ,2, , ,1,carvical,1,1,40,2,1,2,2, ,2, ,2, ,2, ,1,21,3,1,1,2, ,2, ,2, ,2,45,8,1,2, ,2, ,2, ,2,45,10,2,2, ,2, ,2, 
 ,2,2, , , ,18,3, ,2, , ,1, ,1,1,25,2,1,1,1,2,1,2,1,2,2, ,1,21,3,1,1,1,3,2, ,1,3,1,45,10,1,2, ,2, ,2, ,1,50,2,1,1,2,2, ,1,2
33,1,2, , , ,1,7,5,1, , , , ,1,2, , ,1,1,2, ,2, ,2, ,2, , , , ,1,1,2, ,2, ,2, , , , ,1,2, ,2, ,2, , , , ,1,2, ,2, ,2, 
26,2,2, , , ,1,9,4,2, , , , , ,1,40,1,1,1,1, ,2, ,1, ,1, ,1,21,3,1,1,2, ,2, ,1, ,1,45,10,1,1, ,2, ,1, ,1,40,2,1,2, ,2, ,1, 
33,1,1,breast,41,mather, ,9, ,2, , , , , ,1,40,2,1,1,2, ,2, ,2, ,2, ,1,30,3,1,1,2, ,1, ,2, ,1,40,10,1,2, ,2, ,2, ,1,55,4,1,2, ,2, ,2, 
28,1,2, , , ,11,9,1,2, , , , , ,1,30,5,1,1,2, ,2, ,1, ,1, ,1,25,1,1,1,2, ,2, ,1, ,1,45,10,1,2, ,2, ,1, ,1,50,3,1,1, ,2, ,1, 
27,2,2, , , ,11,8,2,2, , , , , ,1,30,5,1,1,2, ,1, ,2, ,1, ,1,25,1,1,1,2, ,2, ,1, ,1,45,10,1,2, ,2, ,1, ,1,50,3,1,1, ,2, ,1, 
52,1,2, , , ,9, ,16,2, , , , , , , , ,1,2,2, ,2, ,2, ,2, , , , ,1,2,2, ,2, ,2, , , , ,1,2, ,2, ,2, , , , ,1,2, ,2, ,2, 
28,1,2, , , ,11,9,6,1, , , , , ,1,20,2,1,1,2, ,2, ,1, ,1, ,1,25,1,1,1,1, ,1, ,1, ,1,45,3,1,1, ,2, ,1, ,1,50,2,1,1, ,2, ,1, 
36,2,2, , , , ,3,6,2, , ,1, ,1,1,40,2,1,1,1,.5,2, ,1, ,1, ,1,25,5,1,1,1, ,1,3,1,3,1,45,1,1,1,3,1,3,1,3,1,50, ,1,1,2,1,2,1,2
29,2,1,oespoheg,45,uncle, ,8,5,1,oespoheg, ,1, ,1,1, , ,1,1,2, ,1, ,1, ,2, ,1, , ,1,1,2, ,2, ,2, ,2, , , ,2, ,2, ,2, ,2, , , ,2, ,2, ,2, 
38,1,2, , , ,9,6,8,2, , ,1, ,1,1,25,3,1,1,2, ,2, ,1, ,1, ,1,25,4,1,1,2, ,2, ,1, ,1,35,2,1,2, ,2, ,1,2,1,45,1,1,2, ,2, ,1,3
32,1,2, , , ,2,8,4,2, , ,1, ,1,1,21,1,1,1,2, ,2, ,1,1,1,1,1,40,1,1,1,1,2,2, ,1,2,2, , ,1,1,3,2, ,1,3,1,45,4,1,2, ,2, ,2, 
32,2,2, , , ,1,8,6,2, , ,2, ,1,1,23,3,1,2,2, ,2, ,1,4,1,4,1,25,4,1,2,2, ,1,4,1,4,1,40,5,1,2, ,2, ,1,4,1,45,5,2,2, ,2, ,2, 
36,1,2, , , ,1,8,7,2, , ,1, ,1,1,21,1,1,1,1, ,1, , , ,2, ,1,45,2,1,1,1, ,1, ,1, ,1,21,1,1,1, ,1, ,1, ,1,30,3,1,1, ,2, ,2, 
38,1,2, , , ,7,4,10,2, , ,1, ,1,1,20,2,1,1,1, ,1, ,1, ,1, ,1,20,3,1,1,1, ,1, ,1, ,1,35,3,1,1, ,1, ,1, ,1,20,1,1,1, ,1, ,1, 
36,1,1,lung,48, ,7,8,8,1, , ,1, ,1,1,21,1,1,1,1,2,1,2,1,2,1,3,1,25,3,1,1,1, ,1, ,1, ,1,45,3,1,1, ,1, ,1, ,1,30,3,1,1, ,1, ,1, 
38,2,2, , , , ,4,8,2, , ,1,carvix,1,1,23,2,1,2,2, ,2, ,1,1,1,1,1,20,3,1,1,2, ,2, ,2, ,1,30,3,1,1, ,2, ,2, ,1,40,3,1,1,3,1,3,1,3
49,1,1,ovarion,42, ,2,3, ,2, , ,1,breast,1,1,25,3,1,1,2, ,2, ,1,3,1,3,1,20,2,1,1,2, ,1, ,1, ,1,40,3,2,2, ,2, ,2, ,2, , ,2,2, ,2, ,2, 
40,1,2, , , ,5, , ,2, , ,1, ,2,1,20,4,1,1,2, ,2, ,1,4,1,4,2, , ,1,1,2, ,1,2,1,2,1,41,3,1,2, ,1,3,1,3,1,55,4,1,1,4,2, ,2, 
28,2,2, , , , ,8, ,2, , ,1, ,1,2, , ,1,1,2, ,2, ,1, ,1, ,1,15, ,1,2,1, ,1, ,1, ,1, , ,1,1, ,1, ,1, ,1,50, ,1,1, ,1, ,1, 
 ,2,2, , , ,3,3,4,2, , ,1, ,1,1,21,3,1,1,1,1,1, ,1, ,1, ,1,21,3,1,1,1, ,1, ,2, ,1, , , , , , , , , , , , , , , , , , , 
52,2,1,breast,45,mother,3,2,24,1,breast,8, , ,1,1,20,1,1,1,1, ,1, ,1, ,1, ,2, , ,2,2,2, ,2, ,1, ,2, , ,1,2, ,2, ,1, ,2, , ,1,2, ,2, ,1, 
45,1,2, , , ,2,2,16,1,breast,10,1,breast,1,1,20,1,1,1,1,2,1,2,2, ,1,1,1,40,3,1,1,2, ,2, ,2, ,1,45,2,1,2, ,2, ,2, ,1,50,4,1,2, ,2, ,1,2
36,1,2, , , ,2,6,5,2, , ,1,breast, ,1,20,1,1,1,2, ,2, ,1,1,1,1,1,40,1,1,1,1,2,1,2,2, ,2, , ,1,1,3,2, ,1,3,1,45,4,1,2, ,2, ,2, 
34,1,2, , , ,2,6,5,2, , ,1,breast, ,1,20,1,1,1,2, ,2, ,1,1,1, ,1,40,1,1,1,1,2,1,2,2, ,2, , ,1,1,3,2, ,1,3,1,45,4,1,2, ,2, ,2, 
33,1,2, , , , ,8,6,2, , ,2, ,1,2, , ,1,1,2, ,2, ,2, ,1, ,1, , ,1,1,2, ,2, ,2, ,1, , ,1,2, ,2, ,2, ,1, , ,1,2, ,2, ,2, 
 ,1,2, , , ,1,2, ,2, , ,1, ,1,2, ,2,1,1,2, ,2, ,1,2,1,2,2, , ,1,1,2, ,2, ,1, ,1,50,2,1,2, ,2, ,1,2,2, , ,1,2, ,2, ,1,2
30,2,2, , , , ,8,7,2, , ,2, ,1,1,30,2,1, ,2, ,1, ,1, ,1, ,1,30, ,1,1,1,2,1,2,1,2,1,40,5,1,2, ,2, ,1,1,1,40,3,1,2, ,1, ,1, 
26,2,2, , , ,3,8,2,1,ovarion, ,1, ,1,1,25,3, , ,1, ,2, ,1, ,1, ,1,21,3,1,1,2, ,1, ,1, ,1,45,1,1,2, ,1, ,1, ,1,40,1,1,1, ,1, ,1, 
50,1,2, , , ,5,2, ,2, , ,1, ,2,2, , ,1,1,2, ,2, ,1,2,1,1,1, , ,1,1,1,1,2, ,1,1,2, , ,1,2, ,2, ,1, ,1,40,2,1,2, ,2, ,2, 
67,1,2, , , , ,3,43,1, , ,1, ,1,2, , ,1,1, , , , ,1, ,2, ,2, , ,1, , , ,2, ,2, ,2, , , , , , , , , ,1,50, ,1,1, ,2, ,1, 
55,1,1,lung,50,uncle, , , ,1, , ,1, ,2,2, , ,1,1,1, ,1,1,1,1,1,1,2, , ,1,1,1,1,2, ,1,1,2, , ,1,2, ,2, ,1, ,1, , ,1,2, ,2, ,1,1
27,2,2, , , ,3,8,2,2, , ,2, ,1,1,35, ,1, ,2, ,2, ,1, ,1, ,1,25, ,1,1,1, ,2, ,1, ,2, , ,1,2, ,2, ,1, ,2, , ,1,1, ,1, ,1, 
45,1,2, , , ,5,2,20,2, , ,2, ,2,2, , ,1,1,1,1,1,1,1,1,1, ,1,25,1,1, ,1, ,1, ,1, ,2, , ,2,2, ,2, ,1, ,1,50, ,1,1, ,2, ,1, 
45,1,2, , , , ,1,20,2, , ,1,breast,1,1,30,1,1,1,1, ,1, ,2, ,1, ,1,25,1,1,1,1, ,2, ,1, ,2, , ,2,1, ,2, ,1, ,1,50, ,1,1, ,2, ,1, 
45,1,2, , , ,5,3,22,1,overion, ,1, ,1,1,45,1,1,1,2, ,1, ,2, ,1, ,1,45,2,1,1,2, ,2, ,2, ,2, , ,2,2, ,2, ,2, ,1,50,5,1,1, ,1, ,1, 
 ,2,2, , , , ,1, ,2, , ,1, ,1,1,25,1,1,1,2, ,2, ,2, ,1, ,1,21,3,1,1,1, ,2, , , ,1,45,3,1,2, ,2, , , ,1,50,2,1,2, ,2, , , 
34,2,2, , , ,9,8,6,2, , ,1, ,1,1,25,2,1,1,2, ,2, ,1, ,1, ,1,30,3,1,1,2, ,2, ,1,2,1,40,3,1,2, ,2, ,1,2,1,40,2,1,2, ,2, ,1,3
33,1,2, , , ,9,8,5,2, , ,1, ,1,1,25,3,1,1,2, ,2, ,1, ,1,2,1,25,3,1,1,2, ,2, , , ,1,35,2,1,2, ,2, ,1, ,1,40,2,1,2, ,2, ,1,2
31,1,2, , , ,2,8,2,2, , ,2,breast,1,1,20,1,1,1,2, ,2, ,1,1,1,1,1,40,3,1,1,1,2,2, ,1,2,2, , ,1,1,3,1, ,1,3,1,45,4,1,2, ,2, ,2, 
34,2,2, , , , ,8, ,2, , ,1, ,1,1, , ,1,1,2, ,2, ,1, ,1, ,1, , ,1,1,2, ,2, ,1, ,2, , ,1,2, ,2, ,2, ,2, , ,1,2, ,2, ,1, 
36,2,2, , , , , ,8,2, , ,1,breast,1,1,21,1,1,1,2, ,2, ,1, , , , , , , , , , , , , , , , , , , , , , , , , , , ,1,2, ,2, ,2, 
33,2,2, , , , , ,6, , , ,2, ,1,1,25,3,1,1,2, ,2, , , ,2, ,2, , ,1,2,2, ,2, ,2, ,2, , ,1,2, ,2, ,2, ,1, , ,1,2, ,2, ,2, 
34,2,2, , , , ,8,6,2, , ,1, ,1,1,25,3,1,1,2, ,2, , , ,2, ,2, , ,1,2,2, ,2, ,2, ,2, , ,1,2, ,2, ,2, ,1, , ,1,2, ,2, ,2, 
36,1,2, , , , ,6,6,2, , ,2, ,1,1, , ,1,1,2, ,2, ,2, ,2, ,2, , ,1,2,2, ,2, ,1, ,2, , ,1,2, ,2, ,2, ,2, , ,1,2, ,2, ,2, 
34,1,2, , , ,10,8,8, , , ,1, ,1,1,25,3,1,1,2, ,2, ,1,3,1,3,1,21,2,1,1,2, ,2, ,2, ,1,40,2,1,2, ,2, ,2, ,1,50,3,1,2, ,2, ,2, 
46,1,2, , , ,10,2,17,2, , ,1, ,1,1,21,2,1,1,2, ,2, ,1,2,1,2,1,22,2,1,1,2, ,1,2,1,2,1,40,2,1,2, ,1,2,1,2,1,50,2,1,2, ,1,2,1,2
38,1,2, , , ,10,6, ,2, , ,1, ,1,1,30,3,1,1,2, ,2, ,1,3,1,3,1,25,2,1,1,2, ,1,2,1,2,1,40,3,1,2, ,1,3,1,3,1,50,2,1,2, ,1,2,1,2
42,2,2, , , ,3,3,14,2, , ,1,breast,1,1,25,3,1,1,2, ,2, ,1,3,1,3,1,21,3,1,1,2, ,1,3,1,3,1,35,2,1,2, ,2, ,2, ,1,45,2,1,2, ,1,2,1,2
48,1,2, , , ,7,3,19,2, , ,1, ,1,1,25,3,1,1,2, ,2,3,1,3,1, ,1,21,4,1,1,2, ,1,4,1,4,1,40,2,1,2, ,1,3,1,3,1,55,2,1,2, ,1,3,1,3
36,1,2, , , ,1,8,10,2, , ,1, ,1,2, , ,1,1,2, ,2, ,1,1,2, ,1,50,4, ,1,2, ,2, ,2, ,1,40,3,1,1,2,2, ,2, ,1,35,2,1,2, ,2, ,2, 
30,1,2, , , ,11,8, ,2, , ,2, ,1,2, , ,1,1,2, ,2, ,1,1,2, ,2,51,4,1,2,2, ,2, ,2, ,2,40,3,1,1,2,2, ,2, ,1,35,2,1,2, ,2, ,2, 
46,1,1,head&nek,48,brother, ,2,18,2, , ,1, ,1,1,25,3,1, ,2, ,2, ,2, ,2, ,1, , ,1,2,2, ,2, ,1, ,1,30,4,1,2, ,2, ,2, ,1, , ,1,2, ,2, ,1, 
29,2,2, , , ,10,8,1,2, , ,1, ,1,1,30,1,1,2, , ,1, ,2, ,1,1,1,40,4,1,2,2, ,2, ,1, ,1,50,4,1,2, ,2, ,2, ,2, , ,1,2, ,2, ,2, 
48,1,2, , , ,11,2,20,1,urinary,10,1, ,1,1,30,2,1,1,2, ,2, ,2, ,2, ,2, , ,1,1,2, ,2, ,1, ,1,30,3,1,2, ,2, ,2, ,1,51,1,1,2, ,2, ,2, 
40,1, , , , , ,3,12,2, , ,1, ,1,1,25, ,1,1,2, ,2, ,2, ,2, ,1,30,3,1,1,2, ,2, ,2, ,1, , ,2,2, ,2, ,2, ,2, , ,1,2, ,2, ,2, 
33,1,2, , , ,11,8,7,2, , ,1, ,1,1,25,2,1,1,2, ,2, ,1, ,1,1,1,30,1,1,1,2, ,2, ,2, ,1,25,2,1,1, ,2, ,2, ,1,45,1,1,2, ,2, ,2, 
46,2,1,cervix,6, ,3,2,16,1,cervix,6,1, ,1,1,22,3,1,1,1,2,2, ,1,2,1,2,1,21,3,1,1,1, ,2, ,1,3,1,30,2,1,2, ,2, ,2, ,1,45,3,1,2, ,2, ,1, 
32,1,2, , , ,4,8, ,2, , ,1, ,1,1,18,2,1,1,2, ,2, ,2, ,2, ,1,30,2,1,1,2, ,2, ,2, ,1,41,4,1,2, ,2, ,2, ,2, , ,1,2, ,2, ,2, 
39,1,2, , , , ,6,13,2, , ,1, ,1,1,30,3,1,1,2, ,2, ,2, ,1,3,1,30,3,1,1,2, ,2, ,2, ,1,35,2,1,1, ,2, ,2, ,2, , ,1,2, ,2, ,2, 
35,1,2, , , ,4,8,7,2, , ,1, ,1,1,25,2,1,1,2, ,2, ,2, ,1,3,1,25,3,1,1,2, ,2, ,2, ,1,35,2,1,1, ,2, , , ,2, , ,1,2, ,2, ,2, 
48,1,2, , , ,4,2,18,2, , ,1, ,1,1,30,3,1,1,2, ,2, ,2, ,2, ,1,40,2,1,1,2, ,2, ,2, ,1,35,4,1,1, ,2, ,2, ,1,40,2,1,2, ,2, ,2, 
39,1,2, , , , ,6,12,2, , ,1, ,1,1,30, ,1,2,2, ,2, ,2, ,2, ,2, , ,1,1,2, ,2, ,2, ,1,40,4,1,2, ,2, ,2, ,1,40,3,1,2, ,2, ,2, 
33,1, , , , , ,8,6,2, , ,1, ,1,1,25,3,1,1,2, ,2, ,2, ,2, ,1, ,4,1,1,2, ,2, ,2, ,1,40,1,1,2, ,2, ,2, ,1,41, ,1,2, ,2, ,2, 
38,1,2, , , ,13,6, ,2, , ,1, ,1,1,30,3,1,1,2, ,2, ,2, ,1,2,1,35,3,1,1,2, ,2, ,1,3,1,40,4,1,2, ,2, ,1,3,2, , ,1,2, ,2, ,1,2
39,1,1,lung,52, ,13,4,10,1,lung,5,1, ,1,1,25,3,1,1,2, ,2, ,1,2,1,2,2, , ,1,1,2, ,2, , , , , , ,1,1,2,1, ,2, ,1,45,3,1,2, ,2, ,2, 
33,1,2, , , ,2,7,5,2, , ,2, , ,1,20,1,1,1,2, ,2, ,1,1,1,1,1,40,1,1,1,1,2, , , , ,2, , ,1,1,3,2, ,1,3,1,45,4,1,2, ,2, ,2, 
35,1,2, , , ,10,6, ,2, , ,1,breast,1,1,20,1,1,2,2, ,2, ,2, ,1, ,2, , ,1,2,2, ,1, ,1, ,2, , ,1,2, ,2, ,1, ,2, , ,1,2, ,2, ,1, 
33,2,2, , , ,11,8,4,2, , ,1, ,1,1,25,1,2,2,2,1,1,1,1, ,1, ,1,30,2,1,1,1,2,1, ,2,1,1,40,3,1,1,2,1, ,2,1,1,40,3,1,2, ,2, ,1,3
28,1,1,RCC,55,aunty, ,8,1,2, , ,1,RCC,1,1,30,1,2,1,2, ,2, ,2, ,2, ,1,25, ,1,1,2, ,2, ,2, ,2, , ,1,2, ,2, ,2, ,1,50,3,1,2, ,2, ,1,2
30,2,1,RCC,45,mother, ,8, ,2, , ,1, ,1,2, , ,2,1,2, ,1, ,2, ,2, ,1,15,1,1,2,2, ,1, ,2, ,1,50, ,1,1, ,2, ,2, ,1,50, ,1,1, ,2, ,2, 
54,1,1,Hepatobi,54, ,12,3,28,2, , ,1, ,1,1, , ,1,1, , , , ,2, ,2, ,1, , ,2,1,2, ,2, ,2, ,1, , ,1,2, ,2, , , ,1, , ,1,2, ,2, ,2, 
30,2,1,Lung,60,g-father,3, , ,2, , ,1,breast,1,1,30,3,1,1,2, ,2, ,2, ,2, ,1,30,6,1,1,2, ,2, ,1, ,1, , ,1,2, ,2, ,2, ,1, , ,1,2, ,2, ,1, 
35,1,2, , , , ,7,10,1, , ,1, ,1,1,30,1,1,1,2, , , ,2, ,2, ,1,30,1,2,2,2, ,1, ,1, ,2, , ,1,1, ,1, ,2, ,1,50,5, , , , , , , 
34,2,2, , , ,4,8,2,2, , ,1,cervical,1,2, , ,1, , , ,1, , , ,2, , ,30, ,1,1,2, ,2, ,1, ,1, , ,1,1, ,2, ,2, ,1, , , , , , , , , 
39,2,2, , , ,4,7, ,2, , ,1,breast,1,2, , ,1,1,2, ,2, ,2, ,2, ,2, , ,1,1,2, ,1, ,2, ,2, , ,1,2, ,2, ,2, ,1, , ,1,2, ,2, ,2, 
35,2,2, , , , ,8,5,2, , ,1, ,1,1,15, ,1,1,2, ,2, ,2, ,2, ,1,15,5,1,1,2, ,2, ,1, ,2, , ,1,2, ,2, ,2, ,2, , ,1,2, ,2, ,2, 
31,1,2, , , , ,8, ,2, , ,1, ,1,1, , ,1,1,2, ,2, ,1, ,1, ,1, , ,1,1,2, ,2, ,1, ,1, , ,1,2, ,2, ,2, ,1,40, ,1,1, ,1, ,1, 
34,1,1,RCC,60,father,4,8, ,2, , ,1,breast,1,1,30,1,1,1,2, ,2, ,1, ,1, ,1,30,1,1,1,2, ,2, ,1, ,1,20,1,1,1, ,2, ,2, ,1,40,1,1,1, ,2, ,1, 
38,1,1,thyroid,58,aunty,4,6,5,2, , ,1, ,1,1,30,2,1,1,2, ,2, ,2, ,2, ,1,35,2,1,1,2, ,2, ,2, ,1,45,5,1,2, ,2, ,2, ,1,50,2,1,2, ,2, ,2, 
39,1,2, , , ,3,6, ,2, , ,1, ,1,1,40,5,1,1, , , , ,1, ,1, ,1,35,5,1,1,1,5,1, ,1, ,1,45,5,1,2, ,2, ,1, ,1,50,5,1,2, ,2, ,1, 
38,1,1,breast,75,father,4,4,16,2, , ,1,breast,1, , , , , , , , , , , , , , , , , , , , , , , , ,1,40,10,1,2, ,2, ,2, ,1,50,5,1,2, ,2, ,1, 
48,2,2, , , ,4,3,24,2, , ,1,breast,1,1,35,1,1,1,2, , , ,2, ,2, ,1,30,2,1,1,2, ,2, ,2, ,1,50,2,1,2, ,2, ,2, ,1,50,2,1,2, ,2, ,2, 
48,2,1,ceavix,65, ,2,3, ,2, , ,1, ,1,1,35,5,1,1,2, ,2, ,2, ,2, ,1,20,2,1,1,2, ,2, ,2, ,1, , ,1,1, ,2, ,2, ,1, , ,1,2, ,2, ,2, 
41,1,2, , , ,4,4,17,2, , ,2, ,1,1,18,6,1,1,2, ,2, ,1, ,1, ,1,18,1,1,1,1, ,2, ,1, ,1,40, ,1,1, ,2, ,2, ,1,40, ,1, , , , ,2, 
36,2,1,Nung,60, , ,8, ,2, , ,1,cervical,1,2, , ,1, , , , , ,1, ,1,1,2, , ,1,1,2, ,2, ,2, ,2, , ,1,2, ,2, ,2, ,2, , ,1,2, ,2, ,2, 
33,2,1,RCC,45,fathar,4,7, ,1, , ,1,breast,1,1, , ,1,1, , ,2, ,2, ,2, ,2, , ,1,2,2, ,2, ,2, ,2, , ,1,2, ,2, ,2, ,2, , ,1,1, ,2, ,2, 
31,2,2, , , ,4,8, ,2, , ,1,cervix,1,2, , ,1,1,1, ,1, ,2, ,2, ,1,30,1,1,1,1, ,2, ,2, ,2, , ,1,1, ,2, ,2, ,2, , ,1,2, ,2, ,2, 
38,2,2, , , ,4,4,5,2, , ,1, ,1,1,15, ,1,1,2, , , ,1, ,1, ,1,15,5,1,1,1, ,2, ,1, ,2, , ,1,2, ,2, ,2, , , , , , , , , , , 
31,1,2, , , ,4,8, ,2, , ,1, ,2,2, , ,1,1, , , , ,1, , , ,2, , ,1,1,2, ,1, ,2, ,2, , ,1,2, ,2, ,2, ,1, , ,1,1, ,1, ,1, 
36,1,2, , , ,4,7, ,2, , ,1,cervical,1,2, , ,1,1,2, ,2, ,2, ,1, ,2, , ,1, , , , , , , , , , , , , , , , , ,2, , ,2,2, ,2, ,2, 
32,2,2, , , ,4,8, ,2, , ,1, ,1,2, , ,1,2,2, ,2, ,1, ,1, ,1,30,5,1,1,2, ,2, ,1, ,1, , ,2,2, ,2, ,2, ,2, , ,1,2, ,2, ,2, 
27,1,2, , , ,4,7,4,2, , ,2, ,1,2, , ,1,1,2, ,2, ,2, ,1, ,2, , ,2,1,2, ,2, ,1, ,2, , ,2,2, ,2, ,2, ,2, , ,1,2, ,2, ,2, 
28,1,2, , , ,4,8, ,2, , ,1, ,1,2, , ,1,2,2, ,2, ,1, ,1, ,2, , ,1,1,2, ,2, ,1, ,2, , ,1,2, ,2, ,2, ,2, , ,1,2, ,2, ,2, 
35,2,1,GL,50,G-Parent,4,8,11,2, , ,1,breast,1,1,15,1,1,1,1, ,1, ,1, ,1, ,1,25,1,1,1,1, ,2, ,2, ,2, , ,1,2, ,2, ,2, ,2, , ,1,2, ,2, ,2, 
47,1,2, , , ,4,3,5,2, , ,2, ,1,2, , ,1,1,2, ,2, ,2, ,1, ,2, , ,1,1,2, ,1, ,1, ,2, , ,1,2, ,2, ,1, ,1, , ,2,2, ,1, ,2, 
57,1,1, , , ,12,1,32,1, , ,1, ,1,2, , ,1,1,1, ,2, ,2, ,1, ,1, , ,1,1,2, ,2, ,2, ,1, , ,1,2, ,2, ,2, ,1, , ,1,2, ,2, ,2, 
37,2,2, , , , ,3,7,2, , ,1, ,2,2, , ,1,2,2, ,2, ,1, ,1, ,2, , ,1,1,1, ,1, ,1, ,2, , ,1,2, ,1, ,1, ,2, , ,2,1, ,1, ,1, 
44,2,2, , , ,4,3, ,2, , ,1, ,1,2, , ,1, , , , , ,1, , , ,1, , ,1,1,2, ,2, , , ,2, , ,1,2, ,2, ,2, ,1, , , , , , , , , 
48,1,1,corcinom, , ,4,3,24,2, , ,2, ,1,2, , , , , , , , , , , , , , , , , , , , , , , ,2,2,2,2,2, ,2, ,2, ,2, , ,2,2, ,2, ,2, 
50,1,2, , , ,4,4,5,2, , ,1,colon,1,2, , ,1,2,2, ,1, ,1, ,2, ,2, , ,1,1,2, ,1, ,2, ,1,40,1,1,1, ,2, ,2, ,2, , , , , , , , , 
43,1,2, , , , ,5,8,2, , ,1, ,1, , , , , , , , , , , , , , , , , , , , , , , , ,1,25, ,1,1, ,2, ,2, ,1,40, ,1,2, ,2, ,1, 
49,1,1,alc,50, , ,3, ,2, , ,2, ,1,1, , , , , , , , , , , , , , , , , , , , , , , ,1,30, ,1,1, ,2, ,2, ,2, , ,1,2, ,2, ,2, 
50,1,2, , , ,1,2,33,2, , ,1, ,1,2, , ,1,2,2, ,1, ,2, ,2, ,2, , ,1,1,1, ,2, ,1, ,1, , ,1,2, ,1, ,2, ,2, , ,1, , , , , , 
32,2,1,breast,50,g-fathar,1,7,9,2, , ,1,breast,1,2, , ,1,1,2, ,2, ,2, ,2, ,1,10,5,1,1,2, ,1, ,2, ,1, ,1,1,2, ,2, ,1, ,2, , ,2,1, ,1, ,1, 
53,1,2, , , ,1,2,26,2, , ,1,colon,1,1,40,1,1,1,1,1,1,3,1, ,1,3,1,40,5,1,1,1, ,1, ,1, ,1,40,5,1,1, ,1, ,1, ,1,60,5,1,1, ,1, ,1, 
33,1,2, , , ,1,6,6,2, , ,1, ,1,2, , ,1,1,2, ,2, ,1, ,1, ,1,15, ,1,1,2, ,1, ,1, ,2, , ,1,1, ,1, ,1, ,1, , ,1,1, ,1, ,1, 
36,1,1,colon,55,g-fathar,1,7, ,2, , ,1,breast,1,2, , ,1,1,2, ,2, ,1, ,2, ,1,30, ,1,1,2, ,1,5,1,5,1,35,3,1,2, ,2, ,1, ,1,50, ,2,2, ,2, ,1, 
38,2,1, ,50, ,1,6,15,2, , ,1, ,1,1,30,1,1,1,2, ,1, ,1, ,1, ,1,45,1,1,1,2, ,1, ,1, ,1,40,4,1,1, ,1, ,1, ,1,55, ,1,1, ,2, ,1, 
36,1,2, , , ,1,6,14,2, , ,1, ,1,1, , ,1,1,2, ,1, ,2, ,1, ,1,40, ,1,1,1, ,1, ,1, ,1,40,6,1,1, ,2, ,1, ,1,60, ,1,1, ,2, ,1, 
42,1,2, , , ,1,6,20,2, , ,1, ,1,1,34, ,1,1,2, ,1, ,1, ,1, ,1,40, ,1,1,1, ,2, ,1, ,1,50, ,1,1, ,2, ,1, ,1,55, ,1,2, ,2, ,1, 
32,2,2, , , ,1,8,8,2, , ,1, ,1,1,40,1,1,1,2, ,2, ,1, ,1, ,1, , ,1,1,2, ,1, ,1, ,1,45,2,1,2, ,2, ,1, ,1,55,2,1,2, ,2, ,1, 
39,1, , , , , , , ,2, , ,1,carvix,1,2, , ,1,1,2, ,1, ,1, ,1, ,1,30, ,1,1,2, ,2, ,1, ,1,40, ,1,1, ,2, ,1, ,1,50, ,1,1, ,2, ,1, 
33,2,2, , , ,1,7,9,2, , ,2, ,1,1, , ,1,1,2, ,2, ,2, ,1, ,2, , ,1,1,2, ,2, ,2, ,2, , ,2,2, ,2, ,2, ,2, , ,1,2, ,2, ,2, 
30,1,2, , , ,1,8,7,2, , ,1, ,1,1, , ,1,1,2, ,2, ,1, ,1, ,1, , ,2,2,2, ,2, ,2, ,1, , ,1,2, ,2, ,2, ,1, , ,1,1, ,2, ,2, 
33,1,1,breast,55,g-father, ,6,9,2, , ,1, ,1,1, , ,1,1,2, ,1, ,1, ,1, ,1,30, ,1,1,2, ,2, ,2, ,1, , ,1, , ,2, ,1, ,1, , ,1,1, ,2, ,1, 
32,1,1,CML,48,mother,1,7,8,2, , ,2, ,1,1,15, ,1,1,2, , , , , ,1, ,1,16,5,1,1,2, ,1, ,1, ,1,50,1,1,2, ,2, ,1, ,1,45, ,1,1, ,2, ,1, 
30,1,2, , , , ,8,4,2, , ,1, ,1,2, , ,1,1, , ,1, ,2, ,1, ,2, , ,1,1,1, ,2, ,2, ,1,50,1,2,2, ,2, ,2, ,1,50,1,1,1, ,2, ,1, 
28,1,1,colon,57, , ,8,.6,2, , ,1,carvix,1,1,14,1,1,1,2, ,2, ,2, ,1, ,1,14,1,1,1,1, ,2, ,1, ,1,20,5,1,2, ,1, ,1, ,1,50,3,1,1, ,2, ,1, 
32,1,2, , , ,1, ,7,2, , ,1, ,1,1,15,1,1,1,1, , , ,1, ,1, ,2, , , ,1,2, ,2, ,1, ,2, , ,2,2, ,2, ,2, ,2, , ,1,1, ,1, ,1, 
28,2,1,colon,50,aunty,1,7,5,2, , ,1,colon,1,2, , ,1,2,2, , , ,1, ,2, ,2, , ,1,1,2, ,2, ,2, ,2, , ,1,2, ,2, ,2, ,2, , ,2,2, ,2, ,2, 
31,1,2, , , ,1,8,8,2, , , , ,1,1,15,1,1,1,2, ,2, ,2, ,2, ,2, , ,1,1,2, ,2, ,2, ,2, , ,1,1, ,2, ,1, ,1, , ,1, , , , , , 
31,1,2, , , ,1,7,9,2, , ,2, ,1,2, , ,1,1,2, ,2, ,2, ,2, ,2, , ,1,1,2, ,2, ,2, ,1, , ,1,2, ,2, ,2, ,1, , ,1,2, ,2, ,2, 
33,1,2, , , ,1,7,11,2, , ,2, ,1,1,18, ,1,1,1, ,1, ,2, ,2, ,2, , ,1,1, , ,2, ,1, ,2, , ,1,2, ,2, ,1, ,2, , ,1,2, ,2, ,1, 
32,1,2, , , , ,7,6,2, , ,1, ,1,1,16,2,1,1,2, ,2, ,2, ,1, ,1,16,2,1,1,2, ,2, ,1, ,1,35,4,1,1, ,2, ,1, ,1,45,1,1,2, ,2, ,1, 
43,1,2, , , ,1,7,54,1,stoma, ,1, ,1,1,30,1,1,1,2, ,1, ,2, ,1, ,1,50,1,1,1,2, ,2, ,1, ,1,30,1,1,2, ,2, ,1, ,1,50,1,1,1, ,1, ,1, 
 ,1,2, , , ,1,6, ,2, , ,1, ,1,1,30,1,1,2,2, ,1, ,1,1,2, ,2, , ,1,1,2, ,2, ,2, ,2, , ,1,1, ,2, , , ,1,50,1,1,1, ,2, ,1,1
29,1,2, , , ,1,7,3,2, , ,1, ,1,2, , ,1,1,2, ,2, ,1, ,1, ,2, , ,1,2,2, ,2, ,1, ,1, , ,1,2, ,2, ,2, ,2, , ,1,1, ,2, ,2, 
35,2,2, , , ,14, ,5,2, , ,1,breast,1,1,40,2,1,1,2, ,2, ,2, ,2, ,1,25,5,1,1,2, ,2, ,2, ,2, , ,2,2, ,2, ,2, ,2, , ,2, , , , , , 
41,2,2, , , ,14,3,5,2, , ,1,breast,1,1,40,2,1,1,2, ,2, ,2, ,2, ,1,25,5,1,1,2, ,2, ,2, ,2, , , , , , , , , ,2, , , , , , , , , 
42,2,2, , , ,14, ,5,2, , ,1,breast,1,1,40,2,1,1,2, ,2, ,2, ,2, ,1,25,5,1,1,2, ,2, ,2, ,2, , ,2,2, ,2, ,2, ,2, , ,2, , , , , , 
32,1,2, , , , , , ,2, , ,1, ,1,1,16,1,1,1,2, ,2, ,1,2,1,2,2, , , , , , , , , , ,2, , , , , , , , , ,2, , ,1,1,2,2, ,1, 
29,1,2, , , ,1,7,20,2, , ,1, ,1,1, , ,1,1,2, , , ,1, ,1, ,1,30,5,1,1,2, ,1, ,1, ,1, , ,1,2, ,2, ,2, ,1,60, ,1,2, ,1, ,1, 
35,1,2, , , ,1,8,13,2, , ,1, ,1,1,40,1,1,1,2, ,1,2,2, ,2, ,1,45,2,1,1,2, ,2, ,2, ,1,45,3,1,1,2,1, ,1, ,1,45,3,1,1,3,1,3, , 
52,1,2, , , ,1,2,25,2, , ,1, ,1,1,30,1,2,2,2, ,2, ,1, ,1, ,1,30,1,1,1,2, ,2, ,1, ,1,40,1,1,1, ,2, ,1, ,1,40,1,1,1, ,2, ,2, 
46,1,2, , , ,1,3,21,2, , ,1,colon,1,1,25, ,1,1,2, ,2, ,1, ,2, ,1,15, ,1,1,2, ,2, ,2, ,1,25,1,1,2, ,2, ,2, ,2, , ,1,2, ,2, ,2, 
52,1,2, , , ,1,2,18,2, , ,1, ,1,1,40,1,1,1,1, ,2, ,2, ,2, ,1,40, ,1,1,1, ,1, ,1, ,1,40,1,1,1, ,2, ,1, ,1,40,1,1,1, ,1, ,1, 
42,1,1,HCC,69, ,1,4, ,2, , ,1,colon,1,1,40,1,1,1,1, ,2, ,2, ,1, ,1,40, ,1,1,1, ,1, ,1, ,1,60,1,1,1, ,2, ,1, ,1,40, ,1,1, ,1, ,1, 
47,1,2, , , ,1,2,22,2, , ,1, ,1,1,30, ,1,1,1,5,1, ,2, ,2, ,1, ,5,1,1,1, ,2, ,1, ,1,40,10,1,1, ,2, ,1, ,1,40,10,1,1, ,1, ,1, 
59,1,2, , , ,2,2,35,1, , ,1, ,1,1, , ,1,1,2, ,1, ,2, ,2, ,1, , ,1,1,1, ,1, ,1, ,1, , ,1,1, ,2, ,1, ,1, , ,1,1, ,1, ,1, 
47,1,2, , , ,1,3,5,1, , ,1, ,1,1, , ,1,1,2, ,1, ,2, ,1, ,1, , ,1,1,1, ,2, ,1, ,1,40,5,1,1, ,2, ,1, ,1,50,5,1,1, ,2, ,1, 
45,1,2, , , ,1,3,5,1, , ,1, ,1,1,15,5,1,1,2, ,1, ,1, ,1, ,1,25,3,1,1,1, ,2, ,1, ,1,40,5,1,1, ,1, ,1, ,1,40,5,1,1, ,2, ,1, 
50,1,2, , , ,1,2,23,2, , ,1, ,1,1,20,3,1,1,2, ,2, ,2, ,2, ,1,25,3,2,1,2, ,2, ,2, ,1,45,5,1,2, ,2, ,2, ,2, , ,1,1, ,2, ,1, 
45,1,2, , , ,1,3,5,1,colon, ,1, ,1,1,15,1,1,1,2, ,2, ,2, ,1, ,1, ,5,1,1,2, ,1, ,1, ,1, ,5,1,2, ,2, ,2, ,1,60, ,1,2, ,2, ,2, 
47,1,2, , , ,1,3,22,2, , ,1,colon,1,1,30,4,1,1,2, ,1,3,1,3,1,3,1,30,4,1,2,2, ,1,2,3, ,1,40,3,1,1,3,1,3,1,3,1,50,3,1,1,3,1,3,1,3
48,1,2, , , ,1,2,5,2, , ,1,colon,1,1,15,5,1,1,2, ,1,5,1,5,1, ,1,15,5,1,1,1,1,2, ,2, ,1,40,5,1,1, ,2, ,2, ,1,40,5,1,1, ,2, ,1, 
48,1,2, , , ,1,3,5,2, , ,1,breast,1,1,15,3,1,1,1,1,1,1,1,1,1,1,1,15,5,1,1,2, ,2, ,2, ,1,40,5,1,2, ,2, ,2, ,1,40,10,1,1, ,2, ,1, 
42,2,1,colon,70, ,14,8,17,2, , ,1, ,1,1,30,5,1,1,2, ,2, ,2, ,1, ,2, , ,1,1,2, ,1, ,1, ,1,45,5,1,2, ,1, ,1, ,2, , ,1,1, ,2, ,1, 
46,2,2, , , ,14,3,6,2, , ,2, ,2,2, , ,1,2,2, ,1,.5,1,1,1,1, , , , , , , , , , , , , , , , , , , , , , , , , , , , , , , 
 ,2,2, , , ,14,2, ,2, , , , ,1,1,25,3,1,2,2, ,2, ,2, ,2, , ,21, ,1,1,2, ,2, ,2, ,2, , ,1,2, ,2, ,2, , , , ,1,2, ,2, ,2, 
40,2,2, , , ,14,8,17,2, , ,1,breast,2,1,35,2,2,2,1,1,1,2,1,2,2, ,1,35,5,1,2,1,5,1, , , ,1,45,5,2,2, ,2, , , ,2,45,1,2,1,1,1,2, , 
55,2,1,breast,45, ,14,2,25,1,carvix,42,1, ,1,2, , ,1,1,2, ,1, ,1, ,1, ,2, , ,1,1,1, ,2, ,2, ,2, , ,1,2, ,2, ,2, ,2, , ,1,2, ,2, ,2, 
43,2,2, , , ,14,2,2,2, , ,1, ,1,2, , , , ,2, ,1, ,1, ,2, ,2, , ,1,2,2, ,2, ,2, ,2, , ,1,2, ,2, ,2, ,2, , ,1,2, ,2, ,2, 
41,2,2, , , ,14, ,5,2, , ,1, ,1,1,30,6,2,1,2, ,2, ,2, ,1, ,1,40,1,1,1,2, ,2, ,1, ,1, , ,1,2, ,2, ,1, ,1, , ,1,2, ,2, ,1, 
31,2,2, , , ,14,8, ,2, , ,2, , ,1,10,1,1,1,2, ,2, ,2, ,1, ,1, , , ,1,2, ,2, ,1, ,2, , , ,2, ,2, ,2, ,1,65, ,2,2, ,2, ,2, 
35,2,1, , , ,14,8, ,2, , ,1, ,1,1,10,1,1,1,2, ,1,1,1,1,1,1,2, , ,1,1,2, ,2, ,1, ,2, , ,1,2, ,2, ,1, ,2, , ,2,2, ,2, ,1, 
36,2,2,parotidg,50,uncle,14,8, ,2, , ,1, ,1,1,10,1,1,1,2, ,2, ,2, ,1, ,1, ,1,1,1,2, ,1, ,1, ,2,45,6,1,2, ,2, ,2, ,1,60,1,1,2, ,2, ,2, 
43,2,2, , , , ,8,21,2, , ,1, ,1,1,20,1,1,1,1, ,2, ,1, ,1, ,1,20,3,1,1,2, ,2, ,1, ,1,30,1,1,1, ,1, ,1, ,1,40,1,1,1, ,1, ,1, 
42,2,2, , , ,3,8,19,2, , ,1, ,1,1,30,5,1,1,2, ,2, ,2, ,1, ,1,30,5,1,1,2, ,2, ,1, ,1,40,3,1,2, ,2, ,2, ,1,50,5,1, , ,2, ,2, 
42,2,1,AML,57, ,1,5,18,2, , ,1, ,1,2, , ,1,1, , ,1, ,1, ,1, ,1, , ,1,1,2, ,1, ,1, ,1,28,5,1,1, ,2, ,1, ,1,45, ,1,1, ,2, ,1, 
35,2,2, , , ,7,5,12,2, , ,1,breast,1,1,40,1,1,1,2, ,2, ,1, ,1, ,1,40,1,1,1,2, ,1, ,1, ,1,60,5,1,2, ,2, ,2, ,1,50,1,1,1, ,1, ,1, 
38,1,2, , , ,7,8,11,1,Lung,3,1,lung,1,1,15,6,1,1,2, ,2, ,2, ,2, ,1,10,3,1,1,2, ,2, ,2, ,1,30,6,1,2, ,2, ,2, ,1,40,6,1,1, ,1,1,1,1
39,2,2, , , ,7,6,24,2, , ,1, ,1,1,30,6,1,1,1, ,2, ,1, , , ,1,30,1,1,1,2, ,2, ,1, ,1,40, ,1,1, ,2, ,2, ,1,40,2,1,1,1,2, ,2, 
55,1,1,ovarion,55, ,7,1,4,2, , ,1, ,1,1,40,5,1,1,2, ,1, ,1, ,1, ,1,50,3,1,1,1, ,1, ,1, ,1,50,5,1,1, ,2, ,2, ,1,50,5,1,1, ,1, ,1, 
48,1,2, , , ,7,8,20,1,lung,5,1, ,1,1,30, ,1,1,1,1,1,5,2, ,2, ,2, , ,1,1,1, ,2, ,2, ,1,40,5,1,2, ,2, ,2, ,2, , ,1,2, ,2, ,2, 
30,1,2, , , ,7,7,5,2, , ,1, ,1,2, , ,1,1,2, ,2, ,1, ,2, ,2, , ,1,1,2, ,2, ,2, ,1, , ,1,2, ,2, ,2, ,2, , ,1,1, ,2, ,1, 
52,1,2, , , ,7,2,5,2, , ,1, ,1,1,40,1,1,1,2, , , ,1, ,1, ,1, , ,1,1,1, ,2, ,2, ,1,50,1,1, , ,2, ,2, ,1,50,1,1,2, ,2, ,2, 
33,2,2, , , ,20,8,10,1,cervix,2,1,breast,1,1,30,3,1,1,1, ,2, ,1, ,1, ,1,30,1,1,1,2, ,2, ,1, ,1, , ,1,2, ,2, ,2, ,1, , ,1,2, ,2, ,2, 
37,2,1,stomash,62,uncle,7,4,15,2, , ,1, ,1,1,30,3,1,1,1, ,2, ,1, ,1,3,1,28,1,1,1,2, ,2, ,1, ,1,30,2,1,1,2,1,2,1,2,1,40,2,1,2, ,1, ,1, 
45,2,2, , , ,20,3,20,2, , ,1, ,1,1,30, ,1,1,1,1,1,2,2, ,1, ,1,22, ,1,2,2, ,1, ,2, ,2, , ,2,2, ,2, ,2, ,1,40, ,1,2, ,1,2,1,2
31,2,1,HCC,35,father,20,8,5,2, , ,1,breast,1,1, ,1,1,1,1,1,1,3,1,1,1,1,1,30,3,1,1,2, ,1,3,1, ,1,20,1,1,2, ,2, ,1, ,1,60,5,1,2, ,2, ,2, 
35,2,2, , , ,20,3,14,2, , ,1, ,1,1,30,5,1,1,2, ,2, ,2, ,2, ,1,30,5,1,1,2, ,2, ,2, ,1,40,10,1,2, ,2, , , ,2, , ,1,2, ,2, , , 
31,2,2, , , ,20,8, ,2, , ,1, ,1,1,30,6,1,1,1, ,1, ,1, ,1, ,1,30,1,1,1,2, ,1, ,1, ,1, , ,1,2, ,2, ,2, ,1, , ,1,2, ,2, ,1, 
56,1,2, , , , ,1,28,2, , ,1, ,1,1,12,3,1,1,1, ,1, ,1, ,1, ,1,11,1,1,1,1,1,1,1,1,1,1,35,4,1,1, ,1, ,1, ,1,40,2,1,1, ,2, ,2, 
54,1,1,gallblad, ,mathar,2,1,29,2, , ,1,breast,1,1,40,2,1,1,1, ,2, ,2, ,1, ,2, , ,1,1,2, ,2, ,2, ,1,65,5,1,1, ,2, ,1, ,1,65,5,1,2, ,2, ,2, 
51,1,2, , , ,2,2,24,2, , ,1, ,1,1,40,2,1,1,2, ,2, ,2, ,1,2,1, , ,1,1,2, ,2, ,2, ,1,40,5,1,2, ,2, ,1, ,1,50,2,1,1, ,2, ,2, 
53,1,2, , , ,2,3,2,2, , ,1,breast,1,1,45,4,1,1,1, ,1, ,2, ,2, ,1,30,4,1,1,1, ,2, ,2, ,1,50,5,1,2, ,2, ,2, ,1,60, ,1,2, ,2, ,2, 
39,1,2, , , ,2,8,14,2, , ,1,colon,1,1,25,2,1,1,2, ,2, ,2, ,1, ,2, , ,1,1, , ,2, ,1, ,1,50,1,1,1, ,2, ,2, ,1,51,2,1,2, ,2, ,2, 
 ,1,2, , , ,2,7, ,2, , ,1,brest,1,1,15,1,1,1,2, ,1, ,2, ,2, ,2, , ,1,1,2, ,2, ,2, ,1,40,5,1,1, ,2, ,1, ,2, , ,1,2, ,2, ,2, 
43,1,2, , , ,2,4,20,2, , ,1,breast,1,1,35,1,1,1,1,1,2, ,1,1,1,1,1,40, ,1,1,2, ,2, ,1, ,1,40,1,1,2, ,2, ,1,5,1,50,2,1,2, ,2, ,1,2
45,1,2, , , ,2,3,20,2, , ,1,breast,1,1,50,3,1,1,2, ,1, ,2, ,2, ,1,30,1,1,1,1, ,2, ,2, ,1,40,3,1,1, ,2, ,2, ,2, , ,2,2, ,2, ,2, 
49,1,2, , , ,2,3,24,2, , ,1, ,1,1,35,2,1,1,2, ,2, ,2, ,1, ,2, , , , , , , , , , ,1,35,2,1,2, ,2, ,1, ,2, , ,1,1, ,2, ,1, 
35,2,1,lung,51,sister,2,3,20,2, , ,1,breast,1,1,45,1,1,1,1, ,2, ,1, ,1, ,1, , ,1,1,1, ,1, ,1, ,1,50,2,1,2, ,2, ,1, ,1, , ,1,1, ,2, ,2, 
31,2,2, , , ,2,7,7,2, , ,1, ,1,1, ,1,1,1,1,1,2, ,1,1,2, ,1, ,1,1,1,2, ,1, ,2, ,2, , ,1,2, ,2, ,2, ,2, , , , , , , , , 
25,2,2, , , , , , , , , ,1,breast,1,1, ,2,1,1,2, ,2, ,1,1,1,1,2, , ,1,1,2, ,2, ,2, ,1, , ,1,1, ,2, ,2, ,2, , ,2,1, ,2, ,2, 
25,2,2, , , , , , ,2, , ,1,breast,1,2, , ,1,1,2, ,2, ,1, ,1, ,1, ,5,1,1,2, ,1, ,1, ,2, , ,1,2, ,2, ,2, ,2, , ,1,2, ,2, ,2, 
25,2,2, , , , , , ,2, , ,1,cervix,1,1, , ,1,1, , , , , , , , ,1,30,5,1,1,2, ,2, ,1, ,2, , , , , , , , , , , , , , , , , , , 
25,2,2, , , ,2, ,1, , , ,1,breast,1,1,20,1,1,1,2, ,2, ,1, ,1, ,1,35,5,1,2,2, ,2, ,2, ,1,50, ,1,2, ,2, ,2, , , , , , , , , , , 
25,2,2, , , ,2, ,1, , , ,1, ,1,1,20, ,1,1,2, ,2, ,1, ,1, ,1,35,5,1,1,2, ,2, ,1, ,2, , ,1,2, ,2, ,2, ,2, , ,1,2, ,2, ,2, 
25,2,2, , , ,2, ,1,2, , ,1,breast,1,1,15,1,1,1,2, ,2, ,1, ,2, ,1,35,5,1,1,2, ,2, ,2, ,2, , ,1,2, ,2, ,1, ,2, , ,1, , , , , , 
38,2,2, , , ,1,6,18,2, , ,1, ,1,1,30,1,1,1,2, ,1, ,1, ,1, ,2, , ,1,1,2, ,2, ,2, ,1,20,1,1,1, ,2, ,1, ,1,45,1,1,2, ,2, ,1, 
46,1,2, , , ,2,3,21,2, , ,1,colon,1,1,45,1,1,1,1, ,1, ,2, ,2, ,1,45,1,1,1,2, ,1, ,1, ,1,50,5,1,1, ,2, ,1, ,2, , ,1,1, ,2, ,1, 
40,1,1,testiole,45, ,2,7,2,2, , ,1,breast,1,1,30,1,1,1,1, ,1, ,1, ,1, ,1,30,2,1,1,2, ,2, ,2, ,1,18,1,1,1, ,2, ,1, ,1,60,2,1,1, ,2, ,1, 
40,1,2, , , ,2,4,21,2, , ,1,breast,1,1,30,3,1,1,1,1,1,1,1, ,2, ,1,30,1,1,1,2, ,2, ,1, ,1,50,3,1,1, ,2, ,1, ,1,60,1,1,1, ,2, ,1, 
32,1,2, , , ,2,6,1,2, , ,1, ,1,1, , ,1,1,2, ,1, ,2, ,1, ,1, , ,1,2,2, ,2, ,2, ,1, , ,1,2, ,2, ,1, ,2, , ,1,1, ,2, ,1, 
34,2,2, , , ,2,7,1,2, , ,1, ,1,1,15,1,1,1,2, ,2, ,2, ,2, ,1,30,3,1,1,2, ,2, ,2, ,1,40,5,1,2, ,2, ,2, ,2, , ,1,2, ,2, ,2, 
 ,2,2, , , ,2,7,8,2, , ,1, ,1,1, , ,1, ,2, ,2, ,1, ,1, ,2, , ,1,1,2, ,2, , , ,1, ,1, , , ,1, ,2, ,1, , ,2,2, ,2, ,2, 
37,1,2, , , ,2,7,14,2, , ,1,cervical,1,1,25,1,1,1,1, ,1,2,1,2,1,1,1,20,2,1,1,2, ,1, ,1, ,1,25,3,1,2, ,2, ,1, ,2, , ,1,2, ,2, ,2, 
40,2,1,carvix,45, , ,8,19,2, , ,1, ,1,1,40,2,1,1,1, ,1, ,1, ,1, ,1,30,5,1,1,1, ,1, ,1, ,1,60, ,1, , , , , , , , , ,1, , , , , , 
 , , , , , , , , , , , , , , , , , , , , , , , , , , , , , , , , , , , , , , , , , , , , , , , , , , , , , , , , , , 
 , , , , , , , , , , , , , , , , , , , , , , , , , , , , , , , , , , , , , , , , , , , , , , , , , , , , , , , , , , 
 , , , , , , , , , , , , , , , , , , , , , , , , , , , , , , , , , , , , , , , , , , , , , , , , , , , , , , , , , , 
 , , , , , , , , , , , , , , , , , , , , , , , , , , , , , , , , , , , , , , , , , , , , , , , , , , , , , , , , , , 
 , , , , , , , , , , , , , , , , , , , , , , , , , , , , , , , , , , , , , , , , , , , , , , , , , , , , , , , , , , 
 , , , , , , , , , , , , , , , , , , , , , , , , , , , , , , , , , , , , , , , , , , , , , , , , , , , , , , , , , , 
